line_id,station_sequence,length,covered_population,direct_od_coverage,construction_cost
L0001,"['S012', 'S005', 'S027', 'S034']",5074.57172365063,370755.0,0.025439520080223786,5.07457172365063
L0002,"['S001', 'S031', 'S005', 'S012']",4835.570525754642,374313.0,0.008509716614124271,4.835570525754642
L0003,"['S009', 'S012', 'S030', 'S025']",3912.4945860456246,508001.0,0.11857290923287317,3.912494586045624
L0004,"['S012', 'S005', 'S031', 'S001', 'S017']",6391.694736293639,603911.0,0.06666629086482907,6.391694736293639
L0005,"['S009', 'S012', 'S005', 'S027', 'S034']",6085.208904122901,582720.0,0.13781800360052252,6.085208904122902
L0006,"['S001', 'S031', 'S005', 'S012', 'S009']",5846.207706226914,586278.0,0.11467388147166274,5.846207706226913
L0007,"['S008', 'S039', 'S048', 'S027']",5494.702865506699,442124.0,0.024083220559557167,5.494702865506699
L0008,"['S008', 'S039', 'S048', 'S031', 'S005', 'S012']",8128.826869762769,540787.0,0.02287311782649795,8.12882686976277
L0009,"['S009', 'S012', 'S005', 'S031', 'S001', 'S017']",7402.33191676591,815876.0,0.17900008352640706,7.40233191676591
L0010,"['S009', 'S012', 'S005', 'S027']",4381.736154319712,505808.0,0.11378826233435997,4.381736154319713
L0011,"['S008', 'S039', 'S048', 'S031', 'S005', 'S012', 'S009']",9139.464050235041,752752.0,0.1303006134833226,9.139464050235041
L0012,"['S017', 'S001', 'S048', 'S027']",5087.822325765173,505248.0,0.06326162177030237,5.087822325765173
L0013,"['S028', 'S026', 'S036', 'S037']",6089.823585015312,250869.0,0.011981057413334075,6.089823585015312
L0014,"['S009', 'S006', 'S011', 'S051', 'S026', 'S036']",9049.852556036158,346560.0,0.020903713346858283,9.049852556036157
L0015,"['S003', 'S042', 'S014', 'S008']",7431.732337821598,432713.0,0.030790827138468205,7.4317323378215985
L0016,"['S012', 'S005', 'S031', 'S001', 'S020']",8137.21708458771,590817.0,0.028717567311816933,8.137217084587709
L0017,"['S001', 'S010', 'S025', 'S033']",5781.152891713981,387757.0,0.02140309576523461,5.781152891713981
L0018,"['S008', 'S014', 'S042', 'S032']",5584.060780647929,436644.0,0.029867711366315535,5.584060780647929
L0019,"['S009', 'S012', 'S005', 'S031', 'S001', 'S020']",9147.85426505998,802782.0,0.13907934319458953,9.14785426505998
L0020,"['S009', 'S012', 'S005', 'S027', 'S034', 'S007', 'S037']",10794.436824921964,675946.0,0.14840721597423764,10.794436824921965
L0021,"['S017', 'S010', 'S025', 'S033']",6861.1703819899085,439295.0,0.017129471765184666,6.8611703819899095
L0022,"['S008', 'S039', 'S048', 'S031', 'S025']",6897.419072856892,444317.0,0.01999211808847632,6.897419072856892
L0023,"['S020', 'S017', 'S010', 'S025']",5972.481059316826,545885.0,0.06216120231872632,5.972481059316825
L0024,"['S012', 'S005', 'S027', 'S034', 'S007', 'S036']",10055.591969266745,434659.0,0.031190405652939027,10.055591969266745
L0025,"['S020', 'S039', 'S048', 'S027']",6241.4275166337775,396122.0,0.014868817284239114,6.241427516633778
L0026,"['S012', 'S005', 'S027', 'S034', 'S007', 'S037']",9783.799644449693,463981.0,0.03196042593687491,9.783799644449692
L0027,"['S014', 'S039', 'S048', 'S027']",5907.876255583185,269314.0,0.010958213305276989,5.9078762555831865
L0028,"['S008', 'S047', 'S016', 'S034']",6987.124879892122,339418.0,0.003358184468253851,6.987124879892123
L0029,"['S012', 'S005', 'S031', 'S048', 'S039']",5668.667799630656,278281.0,0.0031539738473837743,5.668667799630657
L0030,"['S001', 'S048', 'S027', 'S034']",5235.170865029365,352562.0,0.018021217932516598,5.235170865029366
L0031,"['S009', 'S006', 'S011', 'S051', 'S026', 'S028']",9376.139323955244,376395.0,0.01803446425458778,9.376139323955243
L0032,"['S017', 'S001', 'S048', 'S027', 'S034']",6791.295075568362,582160.0,0.07725629266897542,6.791295075568362
L0033,"['S009', 'S012', 'S005', 'S027', 'S034', 'S007', 'S037', 'S052', 'S029']",14111.110969830097,799498.0,0.16108758306334858,14.111110969830097
L0034,"['S002', 'S043', 'S032', 'S042', 'S014', 'S008']",9317.058469949076,521129.0,0.03690453340112009,9.317058469949076
L0035,"['S012', 'S009', 'S006', 'S040']",4437.08519323783,525505.0,0.13102999030824192,4.43708519323783
L0036,"['S009', 'S012', 'S005', 'S031', 'S048', 'S039']",6679.304980102927,490246.0,0.10503350032052398,6.679304980102928
L0037,"['S020', 'S017', 'S010', 'S025', 'S033']",8628.321657687959,655799.0,0.07483221855389963,8.628321657687959
L0038,"['S008', 'S039', 'S048', 'S031', 'S025', 'S033']",9553.259671228025,554231.0,0.03000345683515863,9.553259671228025
L0039,"['S012', 'S005', 'S031', 'S048', 'S039', 'S014']",8542.000259839257,367977.0,0.00936928341468835,8.542000259839257
L0040,"['S025', 'S031', 'S048', 'S039']",4437.260002724778,181811.0,0.00252470391024023,4.437260002724779
L0041,"['S012', 'S005', 'S027', 'S034', 'S016', 'S032']",9087.910187347947,455197.0,0.03249390838377454,9.087910187347946
L0042,"['S027', 'S034', 'S016', 'S032']",5716.811213500506,258944.0,0.012743652519606278,5.716811213500506
L0043,"['S012', 'S005', 'S027', 'S034', 'S007', 'S037', 'S052', 'S029']",13100.473789357826,587533.0,0.04191788044980651,13.100473789357824
L0044,"['S012', 'S009', 'S006', 'S011', 'S051', 'S026', 'S028']",10386.776504427515,572648.0,0.1264844448922678,10.386776504427514
L0045,"['S009', 'S012', 'S005', 'S027', 'S034', 'S016', 'S032']",10098.547367820218,667162.0,0.14724828180148336,10.098547367820217
L0046,"['S009', 'S012', 'S005', 'S031', 'S048', 'S039', 'S014']",9552.637440311528,579942.0,0.11351686768684725,9.552637440311528
L0047,"['S025', 'S031', 'S027', 'S034']",5341.89378184618,274285.0,0.014235844538256642,5.34189378184618
L0048,"['S009', 'S006', 'S011', 'S044']",5370.421798554253,334860.0,0.0174708023216011,5.370421798554252
L0049,"['S017', 'S039', 'S014', 'S042', 'S032']",8807.24937821523,485764.0,0.028310782143587225,8.807249378215229
L0050,"['S008', 'S014', 'S042', 'S032', 'S018', 'S021', 'S029']",11559.25498790347,605145.0,0.04556188473616651,11.55925498790347
L0051,"['S006', 'S011', 'S051', 'S026', 'S036']",7146.176342450291,134595.0,0.0020335378860126445,7.14617634245029
L0052,"['S025', 'S030', 'S004', 'S035']",4513.192739683156,168764.0,0.002006188823661852,4.513192739683156
L0053,"['S001', 'S039', 'S014', 'S042', 'S032']",8539.351596370598,434226.0,0.0266004995228844,8.539351596370599
L0054,"['S027', 'S005', 'S030', 'S033']",5800.518667941566,207504.0,0.0019009213237187847,5.8005186679415655
L0055,"['S020', 'S039', 'S048', 'S027', 'S034']",7944.900266436966,473034.0,0.026478962049797078,7.944900266436967
L0056,"['S003', 'S042', 'S014', 'S039', 'S017']",10654.920935388898,481833.0,0.0280146139109293,10.654920935388898
L0057,"['S008', 'S047', 'S016', 'S034', 'S007', 'S037']",11696.352800691186,432644.0,0.0069252031124588595,11.696352800691185
L0058,"['S029', 'S021', 'S018', 'S032']",5975.194207255541,252943.0,0.01131984209627103,5.975194207255541
L0059,"['S001', 'S010', 'S025', 'S030', 'S004', 'S035']",7638.505033026004,346824.0,0.014730731373159445,7.638505033026004
L0060,"['S009', 'S006', 'S011', 'S044', 'S019', 'S038']",8687.346676005198,393909.0,0.0213921606738363,8.687346676005196
L0061,"['S020', 'S039', 'S014', 'S042', 'S032']",9831.160831714384,472670.0,0.020468188860167668,9.831160831714385
L0062,"['S014', 'S047', 'S016', 'S034']",5232.82272707819,166608.0,0.0016794440101818055,5.232822727078189
L0063,"['S017', 'S010', 'S025', 'S030', 'S004', 'S035']",8718.522523301932,398362.0,0.010727939000724525,8.718522523301932
L0064,"['S003', 'S042', 'S014', 'S039', 'S020']",11678.832388888053,468739.0,0.020390397658780306,11.678832388888052
L0065,"['S001', 'S039', 'S014', 'S042', 'S032', 'S043', 'S002']",12272.349285671744,518711.0,0.03276510643797213,12.272349285671744
L0066,"['S001', 'S039', 'S014', 'S042', 'S003']",10387.023153544267,430295.0,0.026142564265955053,10.387023153544268
L0067,"['S001', 'S010', 'S025', 'S030', 'S004']",6191.125255284359,277843.0,0.010960058238965514,6.1911252552843585
L0068,"['S001', 'S031', 'S005', 'S012', 'S009', 'S006']",7749.883919812782,656969.0,0.13684577042550372,7.749883919812781
L0069,"['S001', 'S048', 'S027', 'S034', 'S007']",8051.564994485931,352562.0,0.018021217932516598,8.05156499448593
L0070,"['S001', 'S031', 'S005', 'S012', 'S009', 'S006', 'S011']",9322.672683439068,656969.0,0.13684577042550372,9.322672683439068
L0071,"['S001', 'S031', 'S005', 'S012', 'S009', 'S006', 'S011', 'S044', 'S013']",12652.470889495577,709173.0,0.14271245314616207,12.652470889495577
L0072,"['S001', 'S048', 'S027', 'S034', 'S007', 'S037', 'S052', 'S041', 'S015']",15693.683302433335,542659.0,0.02951781428953869,15.693683302433335
L0073,"['S001', 'S048', 'S027', 'S034', 'S016']",7431.440418405509,352562.0,0.018021217932516598,7.43144041840551
L0074,"['S001', 'S039', 'S014', 'S042', 'S032', 'S018']",10319.075296372643,434226.0,0.0266004995228844,10.319075296372644
L0075,"['S001', 'S031', 'S005', 'S012', 'S009', 'S006', 'S011', 'S044', 'S019']",12411.988378192078,709173.0,0.14271245314616207,12.411988378192078
L0076,"['S002', 'S043', 'S032', 'S016', 'S034', 'S027', 'S005', 'S030', 'S004']",14878.294104787754,343429.0,0.017620486399847132,14.878294104787754
L0077,"['S002', 'S043', 'S032', 'S016', 'S034', 'S027', 'S005']",11457.056254768038,343429.0,0.017620486399847132,11.457056254768037
L0078,"['S002', 'S043', 'S032', 'S016', 'S034', 'S027', 'S005', 'S012', 'S009', 'S006']",15735.221270707234,822338.0,0.1788249461488866,15.735221270707232
L0079,"['S002', 'S043', 'S032', 'S016', 'S034', 'S007']",10562.730282455028,245839.0,0.005966892264788668,10.562730282455028
L0080,"['S002', 'S043', 'S032', 'S016', 'S034', 'S027', 'S005', 'S012', 'S009']",13831.545057121366,751647.0,0.1548462455433303,13.831545057121364
L0081,"['S002', 'S043', 'S032', 'S016', 'S034', 'S027', 'S031', 'S010']",13538.328824514982,343429.0,0.017620486399847132,13.53832882451498
L0082,"['S002', 'S045', 'S018', 'S021', 'S037', 'S036', 'S026', 'S051', 'S011']",17294.205058755208,330820.0,0.013551587644860464,17.29420505875521
L0083,"['S002', 'S043', 'S032', 'S016', 'S034', 'S027', 'S005', 'S012']",12820.907876649095,539682.0,0.038729947627027334,12.820907876649093
L0084,"['S002', 'S045', 'S018', 'S021', 'S037', 'S036', 'S026', 'S051', 'S013']",17416.071241996724,330820.0,0.013551587644860464,17.416071241996725
L0085,"['S002', 'S043', 'S032', 'S042', 'S014']",7483.942339547736,258623.0,0.006989249789828601,7.4839423395477365
L0086,"['S002', 'S045', 'S018', 'S021', 'S029', 'S041', 'S015']",12717.914613979226,394113.0,0.02547486194757972,12.717914613979225
L0087,"['S002', 'S043', 'S032', 'S016']",5550.06659962232,168927.0,0.0029962722387204634,5.550066599622319
L0088,"['S002', 'S043', 'S032', 'S042', 'S014', 'S039', 'S017']",12540.247067516375,570249.0,0.03468750704858022,12.540247067516376
L0089,"['S002', 'S045', 'S018', 'S021', 'S037', 'S036', 'S026', 'S051', 'S019']",16489.438310504487,330820.0,0.013551587644860464,16.48943831050449
L0090,"['S002', 'S043', 'S032', 'S042', 'S014', 'S039', 'S020']",13564.15852101553,557155.0,0.02667754354787989,13.56415852101553
L0091,"['S003', 'S042', 'S016', 'S034', 'S027', 'S005', 'S030', 'S004']",13512.508658023427,255013.0,0.010433907816574457,13.51250865802343
L0092,"['S003', 'S042', 'S016', 'S034', 'S027', 'S005']",10091.270808003712,255013.0,0.010433907816574457,10.091270808003713
L0093,"['S003', 'S042', 'S016', 'S034', 'S027', 'S005', 'S012', 'S009', 'S006']",14369.435823942908,733922.0,0.16631354647991553,14.369435823942908
L0094,"['S003', 'S042', 'S016', 'S034', 'S007']",9196.944835690705,157423.0,0.0009320728456037686,9.196944835690704
L0095,"['S003', 'S042', 'S016', 'S034', 'S027', 'S005', 'S012', 'S009']",12465.75961035704,663231.0,0.14293012892893148,12.46575961035704
L0096,"['S003', 'S042', 'S014', 'S039', 'S001', 'S010']",11798.220392416411,430295.0,0.026142564265955053,11.798220392416413
L0097,"['S003', 'S042', 'S016', 'S034', 'S027', 'S005', 'S012', 'S009', 'S006', 'S011']",15942.224587569195,733922.0,0.16631354647991553,15.942224587569195
L0098,"['S003', 'S042', 'S016', 'S034', 'S027', 'S005', 'S012']",11455.122429884768,451266.0,0.029149987815616753,11.455122429884769
L0099,"['S003', 'S042', 'S016', 'S034', 'S007', 'S036', 'S026', 'S051', 'S013']",17056.824713915776,221327.0,0.002563828138817717,17.056824713915773
L0100,"['S003', 'S043', 'S018', 'S021', 'S029', 'S041', 'S015']",13400.956387976204,345883.0,0.018711736718836094,13.400956387976205
L0101,"['S003', 'S042', 'S016', 'S034', 'S007', 'S036', 'S026', 'S051', 'S019']",16130.191782423539,221327.0,0.002563828138817717,16.130191782423537
L0102,"['S004', 'S030', 'S005', 'S027', 'S034', 'S007']",9948.352081245857,174502.0,0.008183631601626263,9.948352081245858
L0103,"['S004', 'S030', 'S025', 'S031', 'S048', 'S039', 'S008']",9963.232034798402,444317.0,0.01999211808847632,9.963232034798402
L0104,"['S004', 'S030', 'S025', 'S010']",4779.928016412215,99783.0,0.0,4.779928016412214
L0105,"['S004', 'S035', 'S040', 'S011']",4447.447373306694,115577.0,0.004009581782197627,4.447447373306694
L0106,"['S004', 'S035', 'S040', 'S011', 'S044', 'S013']",7777.245579363203,167781.0,0.00600765370268778,7.777245579363203
L0107,"['S004', 'S030', 'S025', 'S031', 'S048', 'S039', 'S014']",10376.40542487489,271507.0,0.0076011800602953875,10.376405424874891
L0108,"['S004', 'S035', 'S040', 'S011', 'S051', 'S026', 'S028', 'S015']",12932.701269553474,235824.0,0.007161222265336321,12.932701269553473
L0109,"['S004', 'S030', 'S005', 'S027', 'S034', 'S016']",9328.227505165436,174502.0,0.008183631601626263,9.328227505165437
L0110,"['S004', 'S030', 'S025', 'S010', 'S017']",7271.142745560287,329381.0,0.007045603519160764,7.271142745560287
L0111,"['S004', 'S030', 'S005', 'S027', 'S034', 'S016', 'S032', 'S018']",12925.020115488654,258944.0,0.012743652519606278,12.925020115488653
L0112,"['S004', 'S035', 'S040', 'S011', 'S044', 'S019']",7536.763068059705,167781.0,0.00600765370268778,7.536763068059704
L0113,"['S004', 'S030', 'S025', 'S010', 'S017', 'S020']",9038.294021258336,545885.0,0.06216120231872632,9.038294021258336
L0114,"['S005', 'S012', 'S009', 'S006']",4278.165015939195,478909.0,0.11988958887675329,4.278165015939194
L0115,"['S005', 'S027', 'S034', 'S007']",6527.11423122614,174502.0,0.008183631601626263,6.52711423122614
L0116,"['S005', 'S031', 'S048', 'S039', 'S008']",6764.975247881714,344534.0,0.01352714071765573,6.764975247881714
L0117,"['S005', 'S012', 'S009', 'S006', 'S011']",5850.953779565481,478909.0,0.11988958887675329,5.850953779565481
L0118,"['S005', 'S012', 'S009', 'S006', 'S011', 'S044', 'S013']",9180.75198562199,531113.0,0.12511871916610667,9.18075198562199
L0119,"['S005', 'S031', 'S048', 'S039', 'S014']",7178.148637958202,171724.0,0.0036618943830052,7.178148637958202
L0120,"['S005', 'S027', 'S034', 'S007', 'S037', 'S052', 'S041', 'S015']",14169.232539173545,364599.0,0.01740969376089843,14.169232539173546
L0121,"['S005', 'S027', 'S034', 'S016']",5906.989655145719,174502.0,0.008183631601626263,5.906989655145718
L0122,"['S005', 'S031', 'S001', 'S017']",5027.843114412583,407658.0,0.05105255878859485,5.027843114412583
L0123,"['S005', 'S027', 'S034', 'S016', 'S032', 'S018']",9503.782265468937,258944.0,0.012743652519606278,9.503782265468937
L0124,"['S005', 'S012', 'S009', 'S006', 'S011', 'S044', 'S019']",8940.269474318491,531113.0,0.12511871916610667,8.940269474318491
L0125,"['S005', 'S031', 'S001', 'S020']",6773.3654627066535,394564.0,0.015577073076987552,6.7733654627066535
L0126,"['S006', 'S011', 'S051', 'S026', 'S036', 'S007']",9310.80245860984,134595.0,0.0020335378860126445,9.310802458609839
L0127,"['S006', 'S009', 'S012', 'S005', 'S031', 'S048', 'S039', 'S008']",11043.14026382091,823443.0,0.1528945898032283,11.04314026382091
L0128,"['S006', 'S009', 'S012', 'S030', 'S025', 'S010']",7530.285854102196,578692.0,0.1407459512938477,7.530285854102196
L0129,"['S006', 'S011', 'S044', 'S013']",4902.586969682796,122895.0,0.0014092871209244546,4.902586969682797
L0130,"['S006', 'S009', 'S012', 'S005', 'S031', 'S048', 'S039', 'S014']",11456.313653897398,650633.0,0.13528975094661333,11.456313653897396
L0131,"['S006', 'S011', 'S051', 'S026', 'S028', 'S015']",10058.042659873066,190938.0,0.0028299547197849326,10.058042659873067
L0132,"['S006', 'S009', 'S012', 'S005', 'S027', 'S034', 'S016']",10185.154671084912,653411.0,0.16083501705849956,10.185154671084913
L0133,"['S006', 'S009', 'S012', 'S005', 'S031', 'S001', 'S017']",9306.008130351778,886567.0,0.20265800259426267,9.306008130351778
L0134,"['S006', 'S009', 'S012', 'S005', 'S027', 'S034', 'S016', 'S032', 'S018']",13781.947281408131,737853.0,0.17085311167159473,13.78194728140813
L0135,"['S006', 'S011', 'S044', 'S019']",4662.104458379297,122895.0,0.0014092871209244546,4.662104458379297
L0136,"['S006', 'S009', 'S012', 'S005', 'S031', 'S001', 'S020']",11051.530478645847,873473.0,0.16231982489373406,11.051530478645848
L0137,"['S007', 'S034', 'S016', 'S047', 'S008']",9803.519009348689,339418.0,0.003358184468253851,9.803519009348689
L0138,"['S007', 'S034', 'S027', 'S005', 'S012', 'S009']",8901.603033579468,582720.0,0.13781800360052252,8.901603033579468
L0139,"['S007', 'S034', 'S027', 'S031', 'S010']",8608.386800973083,174502.0,0.008183631601626263,8.608386800973083
L0140,"['S007', 'S036', 'S026', 'S051', 'S011']",7738.013694983552,63904.0,0.0,7.738013694983552
L0141,"['S007', 'S034', 'S027', 'S005', 'S012']",7890.9658531071955,370755.0,0.025439520080223786,7.890965853107196
L0142,"['S007', 'S036', 'S026', 'S051', 'S013']",7859.879878225071,63904.0,0.0,7.859879878225071
L0143,"['S007', 'S034', 'S016', 'S047', 'S014']",8049.216856534755,166608.0,0.0016794440101818055,8.049216856534755
L0144,"['S007', 'S037', 'S052', 'S041', 'S015']",7642.118307947407,190097.0,0.004597043122357514,7.642118307947405
L0145,"['S007', 'S034', 'S027', 'S048', 'S001', 'S017']",9607.689205024928,582160.0,0.07725629266897542,9.607689205024927
L0146,"['S007', 'S037', 'S021', 'S018']",7542.023463405159,138175.0,0.0021662115081100613,7.54202346340516
L0147,"['S007', 'S036', 'S026', 'S051', 'S019']",6933.246946732834,63904.0,0.0,6.933246946732834
L0148,"['S007', 'S034', 'S027', 'S048', 'S039', 'S020']",10761.294395893532,473034.0,0.026478962049797078,10.761294395893534
L0149,"['S008', 'S039', 'S001', 'S010']",5786.4307949196655,522594.0,0.039501065846387635,5.786430794919665
L0150,"['S008', 'S039', 'S048', 'S031', 'S005', 'S012', 'S009', 'S006', 'S011']",12615.929027447197,823443.0,0.1528945898032283,12.615929027447196
L0151,"['S008', 'S039', 'S048', 'S031', 'S005', 'S012', 'S009', 'S006', 'S011', 'S044', 'S013']",15945.727233503705,875647.0,0.159053795001457,15.945727233503705
L0152,"['S008', 'S014', 'S042', 'S032', 'S018', 'S021', 'S029', 'S041', 'S015']",16414.238745433275,702016.0,0.05624784375018862,16.414238745433273
L0153,"['S008', 'S014', 'S042', 'S032', 'S018']",7363.784480649974,436644.0,0.029867711366315535,7.363784480649974
L0154,"['S008', 'S039', 'S048', 'S031', 'S005', 'S012', 'S009', 'S006', 'S011', 'S044', 'S019']",15705.244722200207,875647.0,0.159053795001457,15.705244722200206
L0155,"['S009', 'S012', 'S030', 'S025', 'S010']",5626.609640516328,508001.0,0.11857290923287317,5.626609640516328
L0156,"['S009', 'S006', 'S011', 'S044', 'S013']",6806.263183268664,334860.0,0.0174708023216011,6.806263183268664
L0157,"['S009', 'S006', 'S011', 'S051', 'S026', 'S028', 'S015']",11961.718873458934,402903.0,0.020188261445829386,11.961718873458935
L0158,"['S009', 'S012', 'S005', 'S027', 'S034', 'S016']",8281.478457499044,582720.0,0.13781800360052252,8.281478457499045
L0159,"['S009', 'S012', 'S005', 'S027', 'S034', 'S016', 'S032', 'S018']",11878.271067822263,667162.0,0.14724828180148336,11.878271067822261
L0160,"['S009', 'S006', 'S011', 'S044', 'S019']",6565.780671965165,334860.0,0.0174708023216011,6.565780671965165
L0161,"['S010', 'S025', 'S030', 'S012', 'S009', 'S006', 'S011']",9103.074617728484,578692.0,0.1407459512938477,9.103074617728483
L0162,"['S010', 'S025', 'S030', 'S012']",4615.972460044057,296036.0,0.011233183606549511,4.615972460044057
L0163,"['S010', 'S025', 'S030', 'S012', 'S009', 'S006', 'S011', 'S044', 'S013']",12432.872823784992,630896.0,0.14649343023536754,12.432872823784992
L0164,"['S010', 'S001', 'S039', 'S014']",6199.604184996153,349784.0,0.02080806777679627,6.1996041849961525
L0165,"['S010', 'S031', 'S027', 'S034', 'S007', 'S037', 'S052', 'S041', 'S015']",16250.505108920488,364599.0,0.01740969376089843,16.25050510892049
L0166,"['S010', 'S031', 'S027', 'S034', 'S016']",7988.262224892662,174502.0,0.008183631601626263,7.988262224892662
L0167,"['S010', 'S031', 'S027', 'S034', 'S016', 'S032', 'S018']",11585.05483521588,258944.0,0.012743652519606278,11.585054835215878
L0168,"['S010', 'S025', 'S030', 'S012', 'S009', 'S006', 'S011', 'S044', 'S019']",12192.390312481493,630896.0,0.14649343023536754,12.192390312481493
L0169,"['S011', 'S006', 'S009', 'S012']",4487.102157684427,478909.0,0.11988958887675329,4.4871021576844266
L0170,"['S011', 'S006', 'S009', 'S012', 'S005', 'S031', 'S048', 'S039', 'S014']",13029.102417523683,650633.0,0.13528975094661333,13.029102417523685
L0171,"['S011', 'S051', 'S026', 'S028', 'S015']",8485.253896246779,120247.0,0.0014488047327125947,8.485253896246778
L0172,"['S011', 'S006', 'S009', 'S012', 'S005', 'S027', 'S034', 'S016']",11757.9434347112,653411.0,0.16083501705849956,11.757943434711201
L0173,"['S011', 'S006', 'S009', 'S012', 'S005', 'S031', 'S001', 'S017']",10878.796893978066,886567.0,0.20265800259426267,10.878796893978064
L0174,"['S011', 'S051', 'S026', 'S036', 'S037', 'S021', 'S018']",13626.744709559285,202079.0,0.006633794695414607,13.626744709559285
L0175,"['S011', 'S006', 'S009', 'S012', 'S005', 'S031', 'S001', 'S020']",12624.319242272135,873473.0,0.16231982489373406,12.624319242272135
L0176,"['S012', 'S009', 'S006', 'S011', 'S044', 'S013']",7816.900363740935,531113.0,0.12511871916610667,7.816900363740935
L0177,"['S012', 'S009', 'S006', 'S011', 'S051', 'S026', 'S028', 'S015']",12972.356053931206,599156.0,0.1290614655875214,12.972356053931204
L0178,"['S012', 'S005', 'S027', 'S034', 'S016']",7270.841277026773,370755.0,0.025439520080223786,7.270841277026774
L0179,"['S012', 'S005', 'S027', 'S034', 'S016', 'S032', 'S018']",10867.633887349992,455197.0,0.03249390838377454,10.86763388734999
L0180,"['S012', 'S009', 'S006', 'S011', 'S044', 'S019']",7576.4178524374365,531113.0,0.12511871916610667,7.5764178524374355
L0181,"['S013', 'S051', 'S026', 'S036', 'S007', 'S034', 'S016', 'S047', 'S014']",15909.096734759827,230512.0,0.0034291402766402452,15.909096734759824
L0182,"['S013', 'S019', 'S038', 'S053', 'S015']",6827.386196834592,85557.0,0.0005745927269603027,6.827386196834592
L0183,"['S013', 'S051', 'S026', 'S036', 'S007', 'S034', 'S016']",12872.54356105778,140816.0,0.001241090300048085,12.87254356105778
L0184,"['S013', 'S044', 'S011', 'S006', 'S009', 'S012', 'S005', 'S031', 'S001', 'S017']",14208.595100034576,938771.0,0.20919728441979044,14.208595100034573
L0185,"['S013', 'S051', 'S026', 'S036', 'S037', 'S021', 'S018']",13748.610892800803,202079.0,0.006633794695414607,13.748610892800803
L0186,"['S013', 'S044', 'S011', 'S006', 'S009', 'S012', 'S005', 'S031', 'S001', 'S020']",15954.117448328645,925677.0,0.16870560569752682,15.954117448328644
L0187,"['S014', 'S042', 'S032', 'S018', 'S021', 'S029', 'S041', 'S015']",14581.122615031934,439510.0,0.02479692809529764,14.581122615031934
L0188,"['S014', 'S042', 'S032', 'S018']",5530.668350248635,174138.0,0.0026575663972162756,5.530668350248635
L0189,"['S014', 'S047', 'S016', 'S034', 'S007', 'S036', 'S026', 'S051', 'S019']",14982.463803267588,230512.0,0.0034291402766402452,14.982463803267589
L0190,"['S015', 'S041', 'S029', 'S021', 'S018', 'S032', 'S016']",12647.246875106519,349814.0,0.020265136955933637,12.647246875106518
L0191,"['S015', 'S041', 'S052', 'S037', 'S007', 'S034', 'S027', 'S048', 'S001', 'S017']",17249.807512972337,772257.0,0.09117739053631883,17.249807512972332
L0192,"['S015', 'S041', 'S029', 'S021', 'S018']",9050.4542647833,265372.0,0.016762849262293943,9.050454264783301
L0193,"['S015', 'S053', 'S038', 'S019']",5648.619519712515,85557.0,0.0005745927269603027,5.648619519712515
L0194,"['S015', 'S041', 'S052', 'S037', 'S007', 'S034', 'S027', 'S048', 'S039', 'S020']",18403.412703840942,663131.0,0.03871196189078174,18.40341270384094
L0195,"['S016', 'S047', 'S014', 'S039', 'S017']",8092.857901670684,401322.0,0.022340127729013604,8.092857901670683
L0196,"['S016', 'S034', 'S007', 'S036', 'S026', 'S051', 'S019']",11945.910629565544,140816.0,0.001241090300048085,11.945910629565542
L0197,"['S016', 'S047', 'S014', 'S039', 'S020']",9116.76935516984,388228.0,0.014903097633666441,9.116769355169838
L0198,"['S017', 'S039', 'S014', 'S042', 'S032', 'S018']",10586.973078217276,485764.0,0.028310782143587225,10.586973078217273
L0199,"['S017', 'S001', 'S031', 'S005', 'S012', 'S009', 'S006', 'S011', 'S044', 'S019']",13968.112588731075,938771.0,0.20919728441979044,13.968112588731074
L0200,"['S018', 'S021', 'S037', 'S036', 'S026', 'S051', 'S019']",12821.977961308565,202079.0,0.006633794695414607,12.821977961308566
L0201,"['S018', 'S032', 'S042', 'S014', 'S039', 'S020']",11610.884531716429,472670.0,0.020468188860167668,11.610884531716428
L0202,"['S019', 'S044', 'S011', 'S006', 'S009', 'S012', 'S005', 'S031', 'S001', 'S020']",15713.634937025146,925677.0,0.16870560569752682,15.713634937025144
L0203,"['S004', 'S023', 'S040', 'S011', 'S051', 'S044', 'S013', 'S019']",11165.329623116339,98800.0,0.0010773806825105305,11.165329623116339
L0204,"['S033', 'S004', 'S035', 'S040', 'S011', 'S051', 'S044', 'S019']",10019.439846268737,277695.0,0.01252208573449136,10.019439846268735
L0205,"['S005', 'S030', 'S025', 'S010', 'S017', 'S039', 'S020', 'S024', 'S001', 'S031']",18566.835250127897,805973.0,0.17728669535244565,18.566835250127898
L0206,"['S002', 'S054', 'S043', 'S003', 'S032', 'S045', 'S018']",14041.073502950345,293694.0,0.01572091406613252,14.041073502950345
L0207,"['S005', 'S031', 'S027', 'S034', 'S016', 'S042', 'S047', 'S032', 'S018', 'S043', 'S002', 'S003']",21555.6966220893,423940.0,0.026512267008928236,21.5556966220893
L0208,"['S018', 'S043', 'S003', 'S032', 'S042', 'S016']",9713.644109181178,164953.0,0.0031300060478520403,9.713644109181176
L0209,"['S032', 'S018', 'S043', 'S002']",6689.982120487828,168927.0,0.0029962722387204634,6.689982120487828
L0210,"['S053', 'S028', 'S049', 'S038']",8634.19144665751,152788.0,0.0038269026690112996,8.634191446657512
L0211,"['S041', 'S052', 'S037', 'S021']",6410.986400003705,208538.0,0.005775671925505045,6.410986400003706
L0212,"['S001', 'S031', 'S025', 'S030', 'S033', 'S035', 'S023', 'S040', 'S046', 'S011']",19834.403441068305,545069.0,0.03985661875338383,19.834403441068304
L0213,"['S042', 'S014', 'S008', 'S039', 'S020', 'S001']",13298.929865646178,828794.0,0.11458177444013928,13.298929865646178
L0214,"['S014', 'S047', 'S042', 'S016', 'S032', 'S003', 'S054', 'S045', 'S018', 'S043', 'S002']",22130.046924587354,383390.0,0.023138478926383526,22.130046924587354
L0215,"['S008', 'S024', 'S039', 'S048']",5083.94528900781,344534.0,0.01352714071765573,5.0839452890078105
L0216,"['S004', 'S033', 'S025', 'S010', 'S001', 'S048', 'S031', 'S027', 'S005']",14084.410595371988,485347.0,0.03387325940896936,14.084410595371988
L0217,"['S024', 'S039', 'S048', 'S031', 'S005', 'S025', 'S010']",9070.02080824621,181811.0,0.00252470391024023,9.070020808246209
L0218,"['S010', 'S001', 'S031', 'S027', 'S005', 'S012', 'S030', 'S033', 'S004', 'S035', 'S006', 'S009']",18296.694415562655,933454.0,0.2174385258515509,18.296694415562655
L0219,"['S023', 'S035', 'S009', 'S006', 'S011']",7339.734730815373,351637.0,0.03244340215377248,7.339734730815373
L0220,"['S045', 'S002', 'S043', 'S018']",6992.701942343359,128741.0,0.003016069558119683,6.992701942343359
L0221,"['S011', 'S046', 'S022', 'S013']",7864.6284145535365,41735.0,0.0,7.864628414553538
L0222,"['S012', 'S005', 'S030', 'S025', 'S010', 'S031', 'S027', 'S048', 'S039', 'S024', 'S020', 'S017']",18161.047384088968,921756.0,0.1374622614797902,18.16104738408897
L0223,"['S002', 'S045', 'S032', 'S043', 'S003', 'S054']",11750.015208112209,293694.0,0.01572091406613252,11.75001520811221
L0224,"['S017', 'S010', 'S025', 'S033', 'S035', 'S004', 'S030']",12732.87042420021,508276.0,0.02503610412680289,12.732870424200211
L0225,"['S002', 'S045', 'S018', 'S043', 'S003', 'S032', 'S047', 'S042', 'S016']",15700.383186470852,293694.0,0.01572091406613252,15.70038318647085
L0226,"['S019', 'S013', 'S051', 'S026', 'S036']",6874.020439187598,63904.0,0.0,6.874020439187598
L0227,"['S016', 'S034', 'S007', 'S036']",7177.28979899226,140816.0,0.001241090300048085,7.177289798992259
L0228,"['S007', 'S034', 'S016', 'S032', 'S042', 'S047', 'S008', 'S039']",14957.47131290084,505888.0,0.025974837571170216,14.95747131290084
L0229,"['S032', 'S003', 'S042', 'S014']",8625.148597724208,254649.0,0.008582783972961229,8.625148597724206
L0230,"['S017', 'S039', 'S024', 'S001', 'S048', 'S027', 'S034', 'S016', 'S047', 'S008']",17672.65245502969,926694.0,0.16478664814145713,17.67265245502969
L0231,"['S039', 'S008', 'S014', 'S047', 'S032', 'S042', 'S016', 'S034', 'S007']",15549.41527607636,595584.0,0.05697103840258479,15.549415276076362
L0232,"['S023', 'S040', 'S035', 'S006', 'S009', 'S012']",7398.337475728211,594486.0,0.16079608324714817,7.39833747572821
L0233,"['S026', 'S036', 'S037', 'S052', 'S029', 'S050', 'S041', 'S028', 'S053', 'S015']",16970.105894376775,471292.0,0.037866583336326795,16.970105894376776
L0234,"['S030', 'S012', 'S009', 'S006', 'S040']",6032.320295670834,525505.0,0.13102999030824192,6.032320295670834
L0235,"['S011', 'S044', 'S013', 'S019', 'S051', 'S026', 'S036']",9277.18571375187,116108.0,0.0010618980098770926,9.27718571375187
L0236,"['S051', 'S013', 'S022', 'S044', 'S019']",7897.623767981946,52204.0,0.0,7.897623767981946
L0237,"['S005', 'S031', 'S010', 'S001', 'S048']",7266.730719273051,178060.0,0.0,7.266730719273053
L0238,"['S022', 'S044', 'S051', 'S019', 'S013']",5488.787621793257,52204.0,0.0,5.488787621793258
L0239,"['S048', 'S001', 'S031', 'S025', 'S033', 'S030', 'S012', 'S009', 'S006', 'S035', 'S023', 'S004']",20712.01474901473,935647.0,0.2318995341417854,20.712014749014727
L0240,"['S016', 'S034', 'S027', 'S031', 'S005']",7405.719510247146,174502.0,0.008183631601626263,7.405719510247145
L0241,"['S006', 'S040', 'S023', 'S035', 'S009', 'S012', 'S030', 'S025', 'S033', 'S004']",14730.000686455947,804183.0,0.21545692798283905,14.730000686455949
L0242,"['S023', 'S040', 'S011', 'S006', 'S035', 'S004', 'S030', 'S033', 'S025', 'S005', 'S012', 'S009']",18214.449819844813,804183.0,0.21545692798283905,18.214449819844816
L0243,"['S023', 'S035', 'S006', 'S009']",5178.284257406594,351637.0,0.03244340215377248,5.178284257406595
L0244,"['S001', 'S031', 'S048', 'S039', 'S017', 'S010', 'S025']",10832.947269530092,589469.0,0.0990976250344299,10.832947269530091
L0245,"['S042', 'S032', 'S018', 'S043', 'S002', 'S054']",9503.939941986886,168927.0,0.0029962722387204634,9.503939941986886
L0246,"['S003', 'S032', 'S018', 'S045', 'S054']",9638.012880754231,209209.0,0.006197073923011505,9.63801288075423
L0247,"['S042', 'S014', 'S039', 'S024']",6517.644171202643,171724.0,0.0036618943830052,6.517644171202642
L0248,"['S007', 'S036', 'S037', 'S052', 'S029', 'S050']",9556.008848841533,280682.0,0.010301468327268335,9.556008848841532
L0249,"['S031', 'S001', 'S010', 'S017', 'S024', 'S039', 'S048', 'S027']",11380.422515295084,587276.0,0.09469712274303536,11.380422515295086
L0250,"['S025', 'S033', 'S004', 'S023', 'S046', 'S040', 'S035', 'S009', 'S006', 'S011', 'S051', 'S019']",23041.341589378677,649665.0,0.08484015590338546,23.04134158937868
L0251,"['S031', 'S048', 'S039', 'S014', 'S042', 'S016']",9092.117421700912,171724.0,0.0036618943830052,9.092117421700912
L0252,"['S034', 'S016', 'S047', 'S032', 'S043', 'S002']",9879.462178124424,245839.0,0.005966892264788668,9.879462178124424
L0253,"['S051', 'S026', 'S036', 'S007', 'S037', 'S052', 'S029', 'S021']",12293.322514947546,325631.0,0.021664181620905762,12.293322514947544
L0254,"['S050', 'S041', 'S028', 'S026', 'S038', 'S053', 'S015']",11595.708936157269,249659.0,0.011943466467769039,11.59570893615727
L0255,"['S040', 'S035', 'S009', 'S012', 'S005', 'S030', 'S025', 'S033', 'S004']",12935.965758268701,733492.0,0.18011571407032248,12.9359657582687
L0256,"['S003', 'S002', 'S043', 'S032', 'S047', 'S014', 'S008', 'S039', 'S048', 'S031', 'S010', 'S001']",21035.802485703985,861728.0,0.10579599285065647,21.03580248570399
L0257,"['S039', 'S024', 'S017', 'S020']",4404.844055460702,528130.0,0.07294605946598909,4.404844055460702
L0258,"['S041', 'S050', 'S052', 'S037', 'S036', 'S007', 'S034', 'S027', 'S031', 'S001', 'S017']",19512.337663747363,809653.0,0.09755232431996018,19.512337663747363
L0259,"['S014', 'S008', 'S039', 'S001', 'S017', 'S020', 'S024']",11608.634067304672,1058392.0,0.2540211612804752,11.60863406730467
L0260,"['S007', 'S037', 'S052', 'S050', 'S029', 'S041', 'S015']",12185.310498938892,313649.0,0.015012824589932177,12.185310498938893
L0261,"['S012', 'S005', 'S027', 'S048', 'S039', 'S024', 'S020', 'S001', 'S017', 'S010', 'S025', 'S030']",19999.561845945558,1099816.0,0.24368499903224983,19.999561845945557
L0262,"['S005', 'S030', 'S033', 'S025', 'S010']",8163.226968817016,209697.0,0.006142653187348861,8.163226968817016
L0263,"['S024', 'S020', 'S001', 'S010', 'S017', 'S039']",11464.039689232086,706190.0,0.152935474829422,11.464039689232088
L0264,"['S054', 'S003', 'S043', 'S002', 'S045', 'S018']",11190.647955360504,209252.0,0.007543794345993877,11.190647955360506
L0265,"['S047', 'S008', 'S024', 'S020', 'S017', 'S039', 'S001', 'S010', 'S031', 'S025', 'S005', 'S030']",22709.956058284562,1068479.0,0.24359895386853317,22.70995605828456
L0266,"['S017', 'S010', 'S025', 'S030', 'S005', 'S031', 'S048']",10034.86887329539,329381.0,0.007045603519160764,10.034868873295391
L0267,"['S016', 'S042', 'S014', 'S047', 'S008', 'S039', 'S017', 'S001']",14526.696452004533,841888.0,0.15809128906177217,14.526696452004536
L0268,"['S017', 'S010', 'S031', 'S005', 'S030', 'S012', 'S009', 'S035', 'S023', 'S046', 'S011', 'S006']",22761.008650077478,819223.0,0.16640742579614448,22.761008650077486
L0269,"['S033', 'S004', 'S035', 'S023', 'S046', 'S022']",9224.284277311544,220630.0,0.005679047437575817,9.224284277311543
L0270,"['S026', 'S051', 'S011', 'S040', 'S006']",6859.313877810532,117287.0,0.0042492272475799725,6.859313877810533
L0271,"['S005', 'S025', 'S030', 'S033']",5341.748677949303,209697.0,0.006142653187348861,5.341748677949303
L0272,"['S035', 'S033', 'S025', 'S030', 'S005']",8289.639698397532,278678.0,0.012373138891065177,8.289639698397533
L0273,"['S010', 'S017', 'S020', 'S024', 'S008']",8828.18628006723,708608.0,0.08752544665187842,8.828186280067229
L0274,"['S013', 'S019', 'S051', 'S026', 'S036', 'S037', 'S007', 'S034']",13060.782887167043,234042.0,0.00686205023198999,13.060782887167043
L0275,"['S013', 'S022', 'S046', 'S011', 'S006', 'S040', 'S035', 'S033', 'S025', 'S030', 'S005', 'S012']",22170.908714184512,633953.0,0.07399611835552011,22.170908714184513
L0276,"['S004', 'S033', 'S025', 'S005', 'S027', 'S048', 'S039', 'S008', 'S014', 'S047', 'S032', 'S003']",22148.160894122237,906470.0,0.10543055274232896,22.14816089412224
L0277,"['S033', 'S025', 'S005', 'S030', 'S004', 'S035', 'S009']",11488.146412329228,490643.0,0.04096783988822864,11.488146412329225
L0278,"['S001', 'S024', 'S017', 'S010', 'S025', 'S033', 'S004']",11791.8254626481,617355.0,0.08344247313166527,11.791825462648099
L0279,"['S028', 'S026', 'S036', 'S007']",5850.282242502242,157643.0,0.003017223161105306,5.850282242502242
L0280,"['S020', 'S039', 'S014', 'S008', 'S024', 'S017', 'S001', 'S010', 'S025', 'S033']",19233.926248513533,1268089.0,0.30548543734757777,19.23392624851353
L0281,"['S051', 'S026', 'S028', 'S015']",6483.1891387906,120247.0,0.0014488047327125947,6.4831891387906
L0282,"['S031', 'S025', 'S005', 'S030', 'S012', 'S009']",7970.210480887293,508001.0,0.11857290923287317,7.970210480887293
L0283,"['S002', 'S043', 'S003', 'S032', 'S018']",8527.259845475342,249438.0,0.009637776632853371,8.527259845475342
L0284,"['S001', 'S024', 'S039', 'S048', 'S031', 'S005']",7572.200620097763,260088.0,0.013359783497850497,7.572200620097764
L0285,"['S005', 'S030', 'S025', 'S010', 'S031', 'S001', 'S048']",10678.147069632192,277843.0,0.010960058238965514,10.678147069632193
L0286,"['S041', 'S050', 'S021', 'S018', 'S032', 'S042', 'S047', 'S016', 'S034']",15205.80020957461,276666.0,0.00596170285815366,15.205800209574608
L0287,"['S021', 'S052', 'S037', 'S007', 'S034', 'S016', 'S042', 'S003', 'S032', 'S043', 'S054', 'S002']",24312.25366080649,464525.0,0.02321625572976752,24.312253660806498
L0288,"['S011', 'S051', 'S019', 'S013', 'S044', 'S022']",7872.077432363427,52204.0,0.0,7.872077432363426
L0289,"['S028', 'S038', 'S026', 'S051', 'S044', 'S011', 'S046', 'S040', 'S006', 'S035', 'S004']",20390.302204769658,432995.0,0.032795804962311444,20.39030220476966
L0290,"['S012', 'S030', 'S033', 'S004', 'S023', 'S046', 'S022', 'S011', 'S006', 'S040', 'S035', 'S009']",21368.93094193505,746135.0,0.19095568636047933,21.368930941935044
L0291,"['S046', 'S022', 'S011', 'S044', 'S051', 'S013', 'S019']",10285.45997580869,93939.0,0.0007327554877759886,10.285459975808688
L0292,"['S001', 'S031', 'S048', 'S039', 'S008', 'S014', 'S047', 'S042', 'S016', 'S032', 'S003']",17323.76828134284,777243.0,0.09341474894709563,17.323768281342836
L0293,"['S004', 'S033', 'S030', 'S025']",4757.798938391502,209697.0,0.006142653187348861,4.757798938391502
L0294,"['S004', 'S035', 'S009', 'S012', 'S030']",6113.037996791321,477199.0,0.11838324707588851,6.113037996791322
L0295,"['S031', 'S048', 'S039', 'S017', 'S010', 'S001']",8724.255481793902,489686.0,0.07856725936606339,8.724255481793902
L0296,"['S007', 'S034', 'S016', 'S032', 'S042', 'S047', 'S014', 'S008', 'S039']",15036.285290488246,595584.0,0.05697103840258479,15.036285290488244
L0297,"['S032', 'S018', 'S043', 'S054', 'S045', 'S002']",13475.402136069924,213183.0,0.008063183230406284,13.475402136069924
L0298,"['S037', 'S007', 'S034', 'S027', 'S005', 'S025', 'S010', 'S001', 'S039', 'S017']",17547.20931963926,857197.0,0.14444250979717624,17.54720931963926
L0299,"['S007', 'S037', 'S052', 'S021', 'S029']",6687.270299792673,261727.0,0.01573086292837526,6.687270299792673
L0300,"['S016', 'S042', 'S014', 'S047', 'S032', 'S043', 'S054', 'S003', 'S002']",19282.305250991805,339134.0,0.016425965711854423,19.2823052509918
L0301,"['S016', 'S032', 'S045', 'S018', 'S043', 'S003', 'S002']",13248.840971679814,293694.0,0.01572091406613252,13.248840971679815
L0302,"['S035', 'S004', 'S023', 'S040', 'S006']",7021.352870125943,186268.0,0.014883551859995434,7.021352870125943
L0303,"['S038', 'S028', 'S041', 'S052', 'S029', 'S021']",10623.822740646252,391652.0,0.02819674927201916,10.62382274064625
L0304,"['S027', 'S034', 'S016', 'S047', 'S042', 'S003', 'S054', 'S002', 'S043', 'S032', 'S045']",21491.485035395617,468196.0,0.03379224871412427,21.49148503539562
L0305,"['S041', 'S015', 'S049', 'S053']",6088.882883066406,96871.0,0.0014443941618584278,6.088882883066406
L0306,"['S021', 'S018', 'S043', 'S002']",7757.863286569738,129434.0,0.000726154684897376,7.757863286569737
L0307,"['S051', 'S013', 'S019', 'S044', 'S011', 'S040', 'S006', 'S009', 'S012', 'S005', 'S030', 'S025']",16604.458801069217,677492.0,0.1595477517900121,16.604458801069217
L0308,"['S041', 'S029', 'S050', 'S052', 'S037', 'S021', 'S018', 'S032', 'S016']",17398.576067402366,416532.0,0.02877198177019073,17.398576067402367
L0309,"['S031', 'S005', 'S025', 'S030', 'S012', 'S009', 'S006', 'S035']",10857.142207781688,647673.0,0.16850865127421816,10.857142207781688
L0310,"['S045', 'S032', 'S016', 'S034', 'S027', 'S005']",10416.205008718027,303200.0,0.015991338225089306,10.416205008718027
L0311,"['S006', 'S035', 'S033', 'S004', 'S030']",7215.3970013250955,249586.0,0.013143241484016532,7.215397001325095
L0312,"['S031', 'S025', 'S005', 'S030']",5364.338197982018,99783.0,0.0,5.364338197982018
L0313,"['S007', 'S037', 'S052', 'S050', 'S041', 'S028']",9789.697203240372,257328.0,0.01129903406180391,9.789697203240372
L0314,"['S046', 'S022', 'S044', 'S019', 'S051', 'S011', 'S040', 'S006', 'S035', 'S009', 'S012', 'S005']",16997.081129347527,688425.0,0.1733674153671053,16.997081129347524
L0315,"['S023', 'S035', 'S009', 'S006', 'S040', 'S046']",10486.669066609482,439968.0,0.04850191428619106,10.486669066609483
L0316,"['S012', 'S005', 'S025', 'S031']",5066.1426286445185,296036.0,0.011233183606549511,5.066142628644518
L0317,"['S012', 'S009', 'S006', 'S035']",4385.437620420051,547890.0,0.14564610003346187,4.38543762042005
L0318,"['S047', 'S008', 'S024', 'S017', 'S001', 'S039', 'S014']",13578.76266150875,841888.0,0.15809128906177217,13.578762661508751
L0319,"['S035', 'S023', 'S046', 'S022', 'S011', 'S051', 'S026', 'S036', 'S037', 'S052']",18112.037589886353,267846.0,0.0073257688839091836,18.112037589886352
L0320,"['S007', 'S036', 'S026', 'S028', 'S053', 'S038', 'S019', 'S051']",12125.15452969575,216692.0,0.008180458271410748,12.125154529695749
L0321,"['S008', 'S024', 'S020', 'S001']",7871.466834054174,657070.0,0.04600806665401476,7.871466834054173
L0322,"['S026', 'S036', 'S007', 'S034', 'S027', 'S031', 'S010', 'S017', 'S001', 'S024', 'S039', 'S008']",22227.580048511783,990598.0,0.17085656953054773,22.227580048511786
L0323,"['S006', 'S035', 'S040', 'S046', 'S011', 'S044', 'S019', 'S051']",14183.075769301291,280207.0,0.021283785777647994,14.18307576930129
L0324,"['S023', 'S040', 'S035', 'S033', 'S025', 'S030', 'S005', 'S031']",12968.484485441648,325274.0,0.01877123973779844,12.968484485441648
L0325,"['S014', 'S047', 'S032', 'S016', 'S042', 'S003']",9908.216860205039,254649.0,0.008582783972961229,9.908216860205039
L0326,"['S054', 'S043', 'S032', 'S045', 'S018', 'S021', 'S037', 'S036', 'S007']",19684.380737400093,330777.0,0.013556489548532343,19.684380737400094
L0327,"['S023', 'S046', 'S022', 'S011']",7014.414434311248,41735.0,0.0,7.014414434311249
L0328,"['S007', 'S036', 'S026', 'S028', 'S041', 'S052', 'S037', 'S021', 'S029', 'S050']",17954.792073027642,489733.0,0.046701061596532735,17.954792073027644
L0329,"['S024', 'S001', 'S039', 'S017']",6218.2438700500325,489686.0,0.07856725936606339,6.218243870050032
L0330,"['S019', 'S051', 'S011', 'S022', 'S044', 'S013']",9054.257017936043,52204.0,0.0,9.054257017936044
L0331,"['S036', 'S026', 'S051', 'S013']",5695.25376206552,63904.0,0.0,5.695253762065521
L0332,"['S021', 'S029', 'S052', 'S050', 'S041', 'S028', 'S026', 'S051', 'S044', 'S011']",16774.41733896565,384807.0,0.024400213697168355,16.774417338965648
L0333,"['S033', 'S035', 'S006', 'S009']",6039.930045615274,461551.0,0.047478610039023005,6.039930045615273
L0334,"['S016', 'S042', 'S014', 'S008', 'S024', 'S039', 'S001', 'S010', 'S025', 'S033', 'S004', 'S023']",20664.738295022697,821987.0,0.10401610081180494,20.664738295022694
L0335,"['S023', 'S004', 'S033', 'S025', 'S030', 'S012', 'S005', 'S027', 'S048', 'S031', 'S001', 'S024']",19555.77230776598,681600.0,0.07022753270781129,19.555772307765977
L0336,"['S013', 'S019', 'S044', 'S051', 'S026', 'S038', 'S028']",9561.085708242801,204992.0,0.006313838501249106,9.5610857082428
L0337,"['S024', 'S039', 'S001', 'S048', 'S027', 'S005', 'S031', 'S010', 'S017', 'S020']",16774.005862045095,803780.0,0.17251695665390598,16.774005862045094
L0338,"['S051', 'S044', 'S013', 'S019', 'S038', 'S053', 'S015', 'S028', 'S026']",13909.394909784005,231500.0,0.008534139412533379,13.909394909784005
L0339,"['S018', 'S045', 'S054', 'S043', 'S032', 'S003']",13047.523400667962,209209.0,0.006197073923011505,13.047523400667963
L0340,"['S007', 'S036', 'S026', 'S051']",5735.948937527373,63904.0,0.0,5.735948937527374
L0341,"['S005', 'S012', 'S030', 'S004', 'S033', 'S025', 'S010', 'S001', 'S020', 'S017', 'S039', 'S008']",21531.311957746995,1374646.0,0.31349462377209086,21.531311957747
L0342,"['S021', 'S052', 'S050', 'S029', 'S041', 'S015', 'S049', 'S053', 'S038', 'S028', 'S026', 'S051']",22617.389273978108,418160.0,0.032615077973318224,22.617389273978098
L0343,"['S014', 'S042', 'S016', 'S032', 'S043', 'S003', 'S054', 'S045', 'S018']",17204.164659251575,298905.0,0.01227922762937065,17.204164659251575
L0344,"['S007', 'S036', 'S037', 'S052', 'S041', 'S029', 'S021', 'S018', 'S043', 'S032', 'S003', 'S054']",26279.978809684435,560947.0,0.04242683298779159,26.27997880968444
L0345,"['S042', 'S032', 'S045', 'S054', 'S043', 'S003', 'S002']",15174.053624947383,293694.0,0.01572091406613252,15.174053624947383
L0346,"['S012', 'S009', 'S006', 'S011', 'S051', 'S044', 'S022', 'S046']",11275.13279295803,572848.0,0.12891252926148486,11.275132792958026
L0347,"['S004', 'S033', 'S030', 'S025', 'S010', 'S017', 'S020']",10730.279997708329,655799.0,0.07483221855389963,10.730279997708328
L0348,"['S026', 'S036', 'S007', 'S037', 'S052', 'S041', 'S050', 'S029', 'S021']",13819.747881691213,395994.0,0.030943888423830182,13.819747881691214
L0349,"['S024', 'S020', 'S017', 'S039', 'S001', 'S010', 'S031', 'S048', 'S027']",14387.413685770323,803780.0,0.17251695665390598,14.387413685770323
L0350,"['S027', 'S048', 'S039', 'S001']",4949.618281289993,357678.0,0.024044131229051902,4.949618281289993
L0351,"['S014', 'S047', 'S042', 'S032']",3913.27749680091,174138.0,0.0026575663972162756,3.91327749680091
L0352,"['S036', 'S026', 'S038', 'S028']",5920.390363165174,216692.0,0.008180458271410748,5.920390363165174
L0353,"['S026', 'S038', 'S049', 'S015', 'S028']",9541.62193201764,179296.0,0.005850300128684197,9.541621932017641
L0354,"['S001', 'S020', 'S039', 'S024', 'S017', 'S010', 'S031', 'S005', 'S030', 'S033', 'S025']",22000.982281466724,915887.0,0.19554974039998377,22.000982281466722
L0355,"['S001', 'S010', 'S017', 'S039', 'S024', 'S020']",9309.580456372596,706190.0,0.152935474829422,9.309580456372595
L0356,"['S033', 'S025', 'S031', 'S048', 'S001', 'S010', 'S017', 'S024', 'S020']",15060.181237375558,833859.0,0.15672229299736778,15.06018123737556
L0357,"['S002', 'S054', 'S043', 'S032']",6749.371776188711,168927.0,0.0029962722387204634,6.7493717761887115
L0358,"['S010', 'S001', 'S031', 'S027']",5057.003486341633,275650.0,0.006763547335936945,5.0570034863416335
L0359,"['S006', 'S009', 'S035', 'S040', 'S023', 'S004']",9571.891859481284,398233.0,0.04491005027325754,9.571891859481283
L0360,"['S012', 'S009', 'S006', 'S035', 'S033', 'S025', 'S030', 'S005']",12675.077318817583,757587.0,0.19791842570461712,12.675077318817582
L0361,"['S022', 'S046', 'S011', 'S040', 'S023', 'S004', 'S030', 'S033', 'S025', 'S031', 'S001', 'S010']",22400.056886418573,476088.0,0.027126444223469645,22.40005688641858
L0362,"['S006', 'S011', 'S051', 'S013']",5698.784461780163,70691.0,0.0,5.698784461780162
L0363,"['S023', 'S035', 'S040', 'S046', 'S011']",10228.821656439726,157312.0,0.005559901596933024,10.228821656439726
L0364,"['S044', 'S051', 'S013', 'S019', 'S038', 'S049', 'S053', 'S028', 'S026', 'S036']",17643.11103011935,268896.0,0.011729292113525648,17.64311103011935
L0365,"['S009', 'S006', 'S035', 'S004', 'S033', 'S030', 'S012']",9868.59195537358,657804.0,0.168913221276512,9.868591955373581
L0366,"['S003', 'S043', 'S002', 'S045', 'S032', 'S042', 'S014', 'S008']",14079.65450092599,645896.0,0.059308076354424206,14.07965450092599
L0367,"['S039', 'S008', 'S047', 'S042', 'S003']",9975.410276920627,425045.0,0.019546001188604264,9.975410276920627
L0368,"['S031', 'S010', 'S025', 'S005', 'S027', 'S034']",9577.225052674079,274285.0,0.014235844538256642,9.577225052674079
L0369,"['S009', 'S006', 'S040', 'S035', 'S023']",6787.160246770782,398233.0,0.04491005027325754,6.787160246770782
L0370,"['S001', 'S039', 'S024', 'S008']",5555.073192491327,522594.0,0.039501065846387635,5.555073192491326
L0371,"['S047', 'S014', 'S039', 'S020']",7576.828699108186,388228.0,0.014903097633666441,7.5768286991081855
L0372,"['S004', 'S035', 'S009', 'S012', 'S005', 'S025', 'S030', 'S033']",11223.403194188675,686896.0,0.16682643903968056,11.223403194188677
L0373,"['S031', 'S005', 'S030', 'S025']",4634.61442609486,99783.0,0.0,4.63461442609486
L0374,"['S004', 'S035', 'S040', 'S006', 'S009']",6431.056207053611,398233.0,0.04491005027325754,6.431056207053611
L0375,"['S001', 'S017', 'S010', 'S031', 'S048']",7490.751249650294,407658.0,0.05105255878859485,7.490751249650294
L0376,"['S052', 'S029', 'S050', 'S021', 'S037', 'S007', 'S036']",13500.477211079156,325631.0,0.021664181620905762,13.500477211079156
L0377,"['S005', 'S027', 'S034', 'S007', 'S036']",8691.74034738569,238406.0,0.010420017152724179,8.69174034738569
L0378,"['S023', 'S035', 'S033', 'S004', 'S030', 'S005', 'S031', 'S048', 'S001', 'S017', 'S020', 'S039']",20541.93348873799,885085.0,0.17452926754698936,20.541933488737985
L0379,"['S001', 'S017', 'S039', 'S048', 'S031', 'S027']",8217.999999644539,587276.0,0.09469712274303536,8.217999999644539
L0380,"['S029', 'S052', 'S037', 'S007']",5209.50793625063,216778.0,0.0049616628906070355,5.209507936250631
L0381,"['S015', 'S041', 'S050', 'S029']",5265.218982362734,220423.0,0.006898512738826056,5.265218982362734
L0382,"['S007', 'S037', 'S052', 'S021']",5339.404658623131,138175.0,0.0021662115081100613,5.339404658623131
L0383,"['S031', 'S027', 'S034', 'S007', 'S037', 'S036']",10656.900404606728,331632.0,0.017430864251312062,10.656900404606729
L0384,"['S031', 'S005', 'S012', 'S030', 'S025', 'S010']",7645.769013661068,296036.0,0.011233183606549511,7.645769013661068
L0385,"['S006', 'S011', 'S022', 'S044', 'S051', 'S026', 'S028', 'S038', 'S049', 'S053', 'S015', 'S041']",23441.503967226403,372554.0,0.019190476558852188,23.441503967226407
L0386,"['S029', 'S050', 'S041', 'S052', 'S037', 'S036', 'S026', 'S038', 'S028', 'S049', 'S015', 'S053']",22333.997999110663,530341.0,0.04696407782370809,22.333997999110665
L0387,"['S026', 'S036', 'S037', 'S007', 'S034', 'S016', 'S032', 'S003', 'S042']",18934.442735084544,398995.0,0.01622713343127357,18.934442735084545
L0388,"['S030', 'S025', 'S031', 'S010', 'S001', 'S024', 'S020']",10961.901956098447,494347.0,0.030357986170610224,10.961901956098448
L0389,"['S031', 'S001', 'S020', 'S017', 'S024', 'S008', 'S014']",12691.004771461507,976364.0,0.20182102716088304,12.691004771461506
L0390,"['S008', 'S024', 'S017', 'S010']",6474.531563539491,492104.0,0.01841385076082423,6.474531563539491
L0391,"['S004', 'S030', 'S025', 'S005', 'S012', 'S009', 'S035', 'S006', 'S040', 'S011']",13840.725155051814,694269.0,0.1844951739285498,13.840725155051812
L0392,"['S016', 'S034', 'S027', 'S031']",5739.774578511191,174502.0,0.008183631601626263,5.739774578511191
L0393,"['S005', 'S030', 'S033', 'S004', 'S035', 'S040', 'S011']",9560.671199776403,225491.0,0.009785858286142342,9.560671199776403
L0394,"['S031', 'S010', 'S025', 'S005', 'S012', 'S009', 'S006', 'S040', 'S035', 'S004', 'S033']",15992.002470805968,804183.0,0.21545692798283905,15.992002470805968
L0395,"['S043', 'S032', 'S045', 'S054', 'S002']",9091.64162570399,213183.0,0.008063183230406284,9.091641625703991
L0396,"['S027', 'S048', 'S031', 'S025', 'S005', 'S030', 'S004']",9909.050733307628,197373.0,0.0038056949840790206,9.909050733307629
L0397,"['S025', 'S031', 'S048', 'S039', 'S017', 'S010', 'S001']",10522.644238505032,589469.0,0.0990976250344299,10.522644238505034
L0398,"['S039', 'S001', 'S010', 'S025']",5040.386779258256,359871.0,0.02684454564705624,5.040386779258256
L0399,"['S024', 'S001', 'S031', 'S048']",5120.895752093972,178060.0,0.0,5.120895752093972
L0400,"['S054', 'S045', 'S032', 'S042', 'S016', 'S034', 'S007', 'S037', 'S052', 'S021', 'S050', 'S029']",23268.90699681112,467337.0,0.03126487961247358,23.268906996811122
