origin_id,destination_id,demand
S001,S002,1.0
S001,S003,1.0
S001,S004,1.0
S001,S005,1.0
S001,S006,1.0
S001,S007,1.0
S001,S008,1.0
S001,S009,1.0
S001,S010,1.0
S001,S011,1.0
S001,S012,1.0
S001,S013,1.0
S001,S014,1.0
S001,S015,1.0
S001,S016,1.0
S001,S017,1.0
S001,S018,1.0
S001,S019,1.0
S001,S020,1.0
S001,S021,1.0
S001,S022,1.0
S001,S023,1.0
S001,S024,1.0
S001,S025,1.0
S001,S026,1.0
S001,S027,1.0
S001,S028,1.0
S001,S029,1.0
S001,S030,1.0
S001,S031,1.0
S001,S032,1.0
S001,S033,1.0
S001,S034,1.0
S001,S035,1.0
S001,S036,1.0
S001,S037,1.0
S001,S038,1.0
S001,S039,1.0
S001,S040,1.0
S001,S041,1.0
S001,S042,1.0
S001,S043,1.0
S001,S044,1.0
S001,S045,1.0
S001,S046,1.0
S001,S047,1.0
S001,S048,1.0
S001,S049,1.0
S002,S003,1.0
S002,S004,1.0
S002,S005,1.0
S002,S006,1.0
S002,S007,1.0
S002,S008,1.0
S002,S009,1.0
S002,S010,1.0
S002,S011,1.0
S002,S012,1.0
S002,S013,1.0
S002,S014,1.0
S002,S015,1.0
S002,S016,1.0
S002,S017,1.0
S002,S018,1.0
S002,S019,1.0
S002,S020,1.0
S002,S021,1.0
S002,S022,1.0
S002,S023,1.0
S002,S024,1.0
S002,S025,1.0
S002,S026,1.0
S002,S027,1.0
S002,S028,1.0
S002,S029,1.0
S002,S030,1.0
S002,S031,1.0
S002,S032,1.0
S002,S033,1.0
S002,S034,1.0
S002,S035,1.0
S002,S036,1.0
S002,S037,1.0
S002,S038,1.0
S002,S039,1.0
S002,S040,1.0
S002,S041,1.0
S002,S042,1.0
S002,S043,1.0
S002,S044,1.0
S002,S045,1.0
S002,S046,1.0
S002,S047,1.0
S002,S048,1.0
S002,S049,1.0
S003,S004,1.0
S003,S005,1.0
S003,S006,1.0
S003,S007,1.0
S003,S008,1.0
S003,S009,1.0
S003,S010,1.0
S003,S011,1.0
S003,S012,1.0
S003,S013,1.0
S003,S014,1.0
S003,S015,1.0
S003,S016,1.0
S003,S017,1.0
S003,S018,1.0
S003,S019,1.0
S003,S020,1.0
S003,S021,1.0
S003,S022,1.0
S003,S023,1.0
S003,S024,1.0
S003,S025,1.0
S003,S026,1.0
S003,S027,1.0
S003,S028,1.0
S003,S029,1.0
S003,S030,1.0
S003,S031,1.0
S003,S032,1.0
S003,S033,1.0
S003,S034,1.0
S003,S035,1.0
S003,S036,1.0
S003,S037,1.0
S003,S038,1.0
S003,S039,1.0
S003,S040,1.0
S003,S041,1.0
S003,S042,1.0
S003,S043,1.0
S003,S044,1.0
S003,S045,1.0
S003,S046,1.0
S003,S047,1.0
S003,S048,1.0
S003,S049,1.0
S004,S005,1.0
S004,S006,1.0
S004,S007,1.0
S004,S008,1.0
S004,S009,1.0
S004,S010,1.0
S004,S011,1.0
S004,S012,1.0
S004,S013,1.0
S004,S014,1.0
S004,S015,1.0
S004,S016,1.0
S004,S017,1.0
S004,S018,1.0
S004,S019,1.0
S004,S020,1.0
S004,S021,1.0
S004,S022,1.0
S004,S023,1.0
S004,S024,1.0
S004,S025,1.0
S004,S026,1.0
S004,S027,1.0
S004,S028,1.0
S004,S029,1.0
S004,S030,1.0
S004,S031,1.0
S004,S032,1.0
S004,S033,1.0
S004,S034,1.0
S004,S035,1.0
S004,S036,1.0
S004,S037,1.0
S004,S038,1.0
S004,S039,1.0
S004,S040,1.0
S004,S041,1.0
S004,S042,1.0
S004,S043,1.0
S004,S044,1.0
S004,S045,1.0
S004,S046,1.0
S004,S047,1.0
S004,S048,1.0
S004,S049,1.0
S005,S006,1.0
S005,S007,1.0
S005,S008,1.0
S005,S009,1.0
S005,S010,1.0
S005,S011,1.0
S005,S012,1.0
S005,S013,1.0
S005,S014,1.0
S005,S015,1.0
S005,S016,1.0
S005,S017,1.0
S005,S018,1.0
S005,S019,1.0
S005,S020,1.0
S005,S021,1.0
S005,S022,1.0
S005,S023,1.0
S005,S024,1.0
S005,S025,1.0
S005,S026,1.0
S005,S027,1.0
S005,S028,1.0
S005,S029,1.0
S005,S030,1.0
S005,S031,1.0
S005,S032,1.0
S005,S033,1.0
S005,S034,1.0
S005,S035,1.0
S005,S036,1.0
S005,S037,1.0
S005,S038,1.0
S005,S039,1.0
S005,S040,1.0
S005,S041,1.0
S005,S042,1.0
S005,S043,1.0
S005,S044,1.0
S005,S045,1.0
S005,S046,1.0
S005,S047,1.0
S005,S048,1.0
S005,S049,1.0
S006,S007,1.0
S006,S008,1.0
S006,S009,1.0
S006,S010,1.0
S006,S011,1.0
S006,S012,1.0
S006,S013,1.0
S006,S014,1.0
S006,S015,1.0
S006,S016,1.0
S006,S017,1.0
S006,S018,1.0
S006,S019,1.0
S006,S020,1.0
S006,S021,1.0
S006,S022,1.0
S006,S023,1.0
S006,S024,1.0
S006,S025,1.0
S006,S026,1.0
S006,S027,1.0
S006,S028,1.0
S006,S029,1.0
S006,S030,1.0
S006,S031,1.0
S006,S032,1.0
S006,S033,1.0
S006,S034,1.0
S006,S035,1.0
S006,S036,1.0
S006,S037,1.0
S006,S038,1.0
S006,S039,1.0
S006,S040,1.0
S006,S041,1.0
S006,S042,1.0
S006,S043,1.0
S006,S044,1.0
S006,S045,1.0
S006,S046,1.0
S006,S047,1.0
S006,S048,1.0
S006,S049,1.0
S007,S008,1.0
S007,S009,1.0
S007,S010,1.0
S007,S011,1.0
S007,S012,1.0
S007,S013,1.0
S007,S014,1.0
S007,S015,1.0
S007,S016,1.0
S007,S017,1.0
S007,S018,1.0
S007,S019,1.0
S007,S020,1.0
S007,S021,1.0
S007,S022,1.0
S007,S023,1.0
S007,S024,1.0
S007,S025,1.0
S007,S026,1.0
S007,S027,1.0
S007,S028,1.0
S007,S029,1.0
S007,S030,1.0
S007,S031,1.0
S007,S032,1.0
S007,S033,1.0
S007,S034,1.0
S007,S035,1.0
S007,S036,1.0
S007,S037,1.0
S007,S038,1.0
S007,S039,1.0
S007,S040,1.0
S007,S041,1.0
S007,S042,1.0
S007,S043,1.0
S007,S044,1.0
S007,S045,1.0
S007,S046,1.0
S007,S047,1.0
S007,S048,1.0
S007,S049,1.0
S008,S009,1.0
S008,S010,1.0
S008,S011,1.0
S008,S012,1.0
S008,S013,1.0
S008,S014,1.0
S008,S015,1.0
S008,S016,1.0
S008,S017,1.0
S008,S018,1.0
S008,S019,1.0
S008,S020,1.0
S008,S021,1.0
S008,S022,1.0
S008,S023,1.0
S008,S024,1.0
S008,S025,1.0
S008,S026,1.0
S008,S027,1.0
S008,S028,1.0
S008,S029,1.0
S008,S030,1.0
S008,S031,1.0
S008,S032,1.0
S008,S033,1.0
S008,S034,1.0
S008,S035,1.0
S008,S036,1.0
S008,S037,1.0
S008,S038,1.0
S008,S039,1.0
S008,S040,1.0
S008,S041,1.0
S008,S042,1.0
S008,S043,1.0
S008,S044,1.0
S008,S045,1.0
S008,S046,1.0
S008,S047,1.0
S008,S048,1.0
S008,S049,1.0
S009,S010,1.0
S009,S011,1.0
S009,S012,1.0
S009,S013,1.0
S009,S014,1.0
S009,S015,1.0
S009,S016,1.0
S009,S017,1.0
S009,S018,1.0
S009,S019,1.0
S009,S020,1.0
S009,S021,1.0
S009,S022,1.0
S009,S023,1.0
S009,S024,1.0
S009,S025,1.0
S009,S026,1.0
S009,S027,1.0
S009,S028,1.0
S009,S029,1.0
S009,S030,1.0
S009,S031,1.0
S009,S032,1.0
S009,S033,1.0
S009,S034,1.0
S009,S035,1.0
S009,S036,1.0
S009,S037,1.0
S009,S038,1.0
S009,S039,1.0
S009,S040,1.0
S009,S041,1.0
S009,S042,1.0
S009,S043,1.0
S009,S044,1.0
S009,S045,1.0
S009,S046,1.0
S009,S047,1.0
S009,S048,1.0
S009,S049,1.0
S010,S011,1.0
S010,S012,1.0
S010,S013,1.0
S010,S014,1.0
S010,S015,1.0
S010,S016,1.0
S010,S017,1.0
S010,S018,1.0
S010,S019,1.0
S010,S020,1.0
S010,S021,1.0
S010,S022,1.0
S010,S023,1.0
S010,S024,1.0
S010,S025,1.0
S010,S026,1.0
S010,S027,1.0
S010,S028,1.0
S010,S029,1.0
S010,S030,1.0
S010,S031,1.0
S010,S032,1.0
S010,S033,1.0
S010,S034,1.0
S010,S035,1.0
S010,S036,1.0
S010,S037,1.0
S010,S038,1.0
S010,S039,1.0
S010,S040,1.0
S010,S041,1.0
S010,S042,1.0
S010,S043,1.0
S010,S044,1.0
S010,S045,1.0
S010,S046,1.0
S010,S047,1.0
S010,S048,1.0
S010,S049,1.0
S011,S012,1.0
S011,S013,1.0
S011,S014,1.0
S011,S015,1.0
S011,S016,1.0
S011,S017,1.0
S011,S018,1.0
S011,S019,1.0
S011,S020,1.0
S011,S021,1.0
S011,S022,1.0
S011,S023,1.0
S011,S024,1.0
S011,S025,1.0
S011,S026,1.0
S011,S027,1.0
S011,S028,1.0
S011,S029,1.0
S011,S030,1.0
S011,S031,1.0
S011,S032,1.0
S011,S033,1.0
S011,S034,1.0
S011,S035,1.0
S011,S036,1.0
S011,S037,1.0
S011,S038,1.0
S011,S039,1.0
S011,S040,1.0
S011,S041,1.0
S011,S042,1.0
S011,S043,1.0
S011,S044,1.0
S011,S045,1.0
S011,S046,1.0
S011,S047,1.0
S011,S048,1.0
S011,S049,1.0
S012,S013,1.0
S012,S014,1.0
S012,S015,1.0
S012,S016,1.0
S012,S017,1.0
S012,S018,1.0
S012,S019,1.0
S012,S020,1.0
S012,S021,1.0
S012,S022,1.0
S012,S023,1.0
S012,S024,1.0
S012,S025,1.0
S012,S026,1.0
S012,S027,1.0
S012,S028,1.0
S012,S029,1.0
S012,S030,1.0
S012,S031,1.0
S012,S032,1.0
S012,S033,1.0
S012,S034,1.0
S012,S035,1.0
S012,S036,1.0
S012,S037,1.0
S012,S038,1.0
S012,S039,1.0
S012,S040,1.0
S012,S041,1.0
S012,S042,1.0
S012,S043,1.0
S012,S044,1.0
S012,S045,1.0
S012,S046,1.0
S012,S047,1.0
S012,S048,1.0
S012,S049,1.0
S013,S014,1.0
S013,S015,1.0
S013,S016,1.0
S013,S017,1.0
S013,S018,1.0
S013,S019,1.0
S013,S020,1.0
S013,S021,1.0
S013,S022,1.0
S013,S023,1.0
S013,S024,1.0
S013,S025,1.0
S013,S026,1.0
S013,S027,1.0
S013,S028,1.0
S013,S029,1.0
S013,S030,1.0
S013,S031,1.0
S013,S032,1.0
S013,S033,1.0
S013,S034,1.0
S013,S035,1.0
S013,S036,1.0
S013,S037,1.0
S013,S038,1.0
S013,S039,1.0
S013,S040,1.0
S013,S041,1.0
S013,S042,1.0
S013,S043,1.0
S013,S044,1.0
S013,S045,1.0
S013,S046,1.0
S013,S047,1.0
S013,S048,1.0
S013,S049,1.0
S014,S015,1.0
S014,S016,1.0
S014,S017,1.0
S014,S018,1.0
S014,S019,1.0
S014,S020,1.0
S014,S021,1.0
S014,S022,1.0
S014,S023,1.0
S014,S024,1.0
S014,S025,1.0
S014,S026,1.0
S014,S027,1.0
S014,S028,1.0
S014,S029,1.0
S014,S030,1.0
S014,S031,1.0
S014,S032,1.0
S014,S033,1.0
S014,S034,1.0
S014,S035,1.0
S014,S036,1.0
S014,S037,1.0
S014,S038,1.0
S014,S039,1.0
S014,S040,1.0
S014,S041,1.0
S014,S042,1.0
S014,S043,1.0
S014,S044,1.0
S014,S045,1.0
S014,S046,1.0
S014,S047,1.0
S014,S048,1.0
S014,S049,1.0
S015,S016,1.0
S015,S017,1.0
S015,S018,1.0
S015,S019,1.0
S015,S020,1.0
S015,S021,1.0
S015,S022,1.0
S015,S023,1.0
S015,S024,1.0
S015,S025,1.0
S015,S026,1.0
S015,S027,1.0
S015,S028,1.0
S015,S029,1.0
S015,S030,1.0
S015,S031,1.0
S015,S032,1.0
S015,S033,1.0
S015,S034,1.0
S015,S035,1.0
S015,S036,1.0
S015,S037,1.0
S015,S038,1.0
S015,S039,1.0
S015,S040,1.0
S015,S041,1.0
S015,S042,1.0
S015,S043,1.0
S015,S044,1.0
S015,S045,1.0
S015,S046,1.0
S015,S047,1.0
S015,S048,1.0
S015,S049,1.0
S016,S017,1.0
S016,S018,1.0
S016,S019,1.0
S016,S020,1.0
S016,S021,1.0
S016,S022,1.0
S016,S023,1.0
S016,S024,1.0
S016,S025,1.0
S016,S026,1.0
S016,S027,1.0
S016,S028,1.0
S016,S029,1.0
S016,S030,1.0
S016,S031,1.0
S016,S032,1.0
S016,S033,1.0
S016,S034,1.0
S016,S035,1.0
S016,S036,1.0
S016,S037,1.0
S016,S038,1.0
S016,S039,1.0
S016,S040,1.0
S016,S041,1.0
S016,S042,1.0
S016,S043,1.0
S016,S044,1.0
S016,S045,1.0
S016,S046,1.0
S016,S047,1.0
S016,S048,1.0
S016,S049,1.0
S017,S018,1.0
S017,S019,1.0
S017,S020,1.0
S017,S021,1.0
S017,S022,1.0
S017,S023,1.0
S017,S024,1.0
S017,S025,1.0
S017,S026,1.0
S017,S027,1.0
S017,S028,1.0
S017,S029,1.0
S017,S030,1.0
S017,S031,1.0
S017,S032,1.0
S017,S033,1.0
S017,S034,1.0
S017,S035,1.0
S017,S036,1.0
S017,S037,1.0
S017,S038,1.0
S017,S039,1.0
S017,S040,1.0
S017,S041,1.0
S017,S042,1.0
S017,S043,1.0
S017,S044,1.0
S017,S045,1.0
S017,S046,1.0
S017,S047,1.0
S017,S048,1.0
S017,S049,1.0
S018,S019,1.0
S018,S020,1.0
S018,S021,1.0
S018,S022,1.0
S018,S023,1.0
S018,S024,1.0
S018,S025,1.0
S018,S026,1.0
S018,S027,1.0
S018,S028,1.0
S018,S029,1.0
S018,S030,1.0
S018,S031,1.0
S018,S032,1.0
S018,S033,1.0
S018,S034,1.0
S018,S035,1.0
S018,S036,1.0
S018,S037,1.0
S018,S038,1.0
S018,S039,1.0
S018,S040,1.0
S018,S041,1.0
S018,S042,1.0
S018,S043,1.0
S018,S044,1.0
S018,S045,1.0
S018,S046,1.0
S018,S047,1.0
S018,S048,1.0
S018,S049,1.0
S019,S020,1.0
S019,S021,1.0
S019,S022,1.0
S019,S023,1.0
S019,S024,1.0
S019,S025,1.0
S019,S026,1.0
S019,S027,1.0
S019,S028,1.0
S019,S029,1.0
S019,S030,1.0
S019,S031,1.0
S019,S032,1.0
S019,S033,1.0
S019,S034,1.0
S019,S035,1.0
S019,S036,1.0
S019,S037,1.0
S019,S038,1.0
S019,S039,1.0
S019,S040,1.0
S019,S041,1.0
S019,S042,1.0
S019,S043,1.0
S019,S044,1.0
S019,S045,1.0
S019,S046,1.0
S019,S047,1.0
S019,S048,1.0
S019,S049,1.0
S020,S021,1.0
S020,S022,1.0
S020,S023,1.0
S020,S024,1.0
S020,S025,1.0
S020,S026,1.0
S020,S027,1.0
S020,S028,1.0
S020,S029,1.0
S020,S030,1.0
S020,S031,1.0
S020,S032,1.0
S020,S033,1.0
S020,S034,1.0
S020,S035,1.0
S020,S036,1.0
S020,S037,1.0
S020,S038,1.0
S020,S039,1.0
S020,S040,1.0
S020,S041,1.0
S020,S042,1.0
S020,S043,1.0
S020,S044,1.0
S020,S045,1.0
S020,S046,1.0
S020,S047,1.0
S020,S048,1.0
S020,S049,1.0
S021,S022,1.0
S021,S023,1.0
S021,S024,1.0
S021,S025,1.0
S021,S026,1.0
S021,S027,1.0
S021,S028,1.0
S021,S029,1.0
S021,S030,1.0
S021,S031,1.0
S021,S032,1.0
S021,S033,1.0
S021,S034,1.0
S021,S035,1.0
S021,S036,1.0
S021,S037,1.0
S021,S038,1.0
S021,S039,1.0
S021,S040,1.0
S021,S041,1.0
S021,S042,1.0
S021,S043,1.0
S021,S044,1.0
S021,S045,1.0
S021,S046,1.0
S021,S047,1.0
S021,S048,1.0
S021,S049,1.0
S022,S023,1.0
S022,S024,1.0
S022,S025,1.0
S022,S026,1.0
S022,S027,1.0
S022,S028,1.0
S022,S029,1.0
S022,S030,1.0
S022,S031,1.0
S022,S032,1.0
S022,S033,1.0
S022,S034,1.0
S022,S035,1.0
S022,S036,1.0
S022,S037,1.0
S022,S038,1.0
S022,S039,1.0
S022,S040,1.0
S022,S041,1.0
S022,S042,1.0
S022,S043,1.0
S022,S044,1.0
S022,S045,1.0
S022,S046,1.0
S022,S047,1.0
S022,S048,1.0
S022,S049,1.0
S023,S024,1.0
S023,S025,1.0
S023,S026,1.0
S023,S027,1.0
S023,S028,1.0
S023,S029,1.0
S023,S030,1.0
S023,S031,1.0
S023,S032,1.0
S023,S033,1.0
S023,S034,1.0
S023,S035,1.0
S023,S036,1.0
S023,S037,1.0
S023,S038,1.0
S023,S039,1.0
S023,S040,1.0
S023,S041,1.0
S023,S042,1.0
S023,S043,1.0
S023,S044,1.0
S023,S045,1.0
S023,S046,1.0
S023,S047,1.0
S023,S048,1.0
S023,S049,1.0
S024,S025,1.0
S024,S026,1.0
S024,S027,1.0
S024,S028,1.0
S024,S029,1.0
S024,S030,1.0
S024,S031,1.0
S024,S032,1.0
S024,S033,1.0
S024,S034,1.0
S024,S035,1.0
S024,S036,1.0
S024,S037,1.0
S024,S038,1.0
S024,S039,1.0
S024,S040,1.0
S024,S041,1.0
S024,S042,1.0
S024,S043,1.0
S024,S044,1.0
S024,S045,1.0
S024,S046,1.0
S024,S047,1.0
S024,S048,1.0
S024,S049,1.0
S025,S026,1.0
S025,S027,1.0
S025,S028,1.0
S025,S029,1.0
S025,S030,1.0
S025,S031,1.0
S025,S032,1.0
S025,S033,1.0
S025,S034,1.0
S025,S035,1.0
S025,S036,1.0
S025,S037,1.0
S025,S038,1.0
S025,S039,1.0
S025,S040,1.0
S025,S041,1.0
S025,S042,1.0
S025,S043,1.0
S025,S044,1.0
S025,S045,1.0
S025,S046,1.0
S025,S047,1.0
S025,S048,1.0
S025,S049,1.0
S026,S027,1.0
S026,S028,1.0
S026,S029,1.0
S026,S030,1.0
S026,S031,1.0
S026,S032,1.0
S026,S033,1.0
S026,S034,1.0
S026,S035,1.0
S026,S036,1.0
S026,S037,1.0
S026,S038,1.0
S026,S039,1.0
S026,S040,1.0
S026,S041,1.0
S026,S042,1.0
S026,S043,1.0
S026,S044,1.0
S026,S045,1.0
S026,S046,1.0
S026,S047,1.0
S026,S048,1.0
S026,S049,1.0
S027,S028,1.0
S027,S029,1.0
S027,S030,1.0
S027,S031,1.0
S027,S032,1.0
S027,S033,1.0
S027,S034,1.0
S027,S035,1.0
S027,S036,1.0
S027,S037,1.0
S027,S038,1.0
S027,S039,1.0
S027,S040,1.0
S027,S041,1.0
S027,S042,1.0
S027,S043,1.0
S027,S044,1.0
S027,S045,1.0
S027,S046,1.0
S027,S047,1.0
S027,S048,1.0
S027,S049,1.0
S028,S029,1.0
S028,S030,1.0
S028,S031,1.0
S028,S032,1.0
S028,S033,1.0
S028,S034,1.0
S028,S035,1.0
S028,S036,1.0
S028,S037,1.0
S028,S038,1.0
S028,S039,1.0
S028,S040,1.0
S028,S041,1.0
S028,S042,1.0
S028,S043,1.0
S028,S044,1.0
S028,S045,1.0
S028,S046,1.0
S028,S047,1.0
S028,S048,1.0
S028,S049,1.0
S029,S030,1.0
S029,S031,1.0
S029,S032,1.0
S029,S033,1.0
S029,S034,1.0
S029,S035,1.0
S029,S036,1.0
S029,S037,1.0
S029,S038,1.0
S029,S039,1.0
S029,S040,1.0
S029,S041,1.0
S029,S042,1.0
S029,S043,1.0
S029,S044,1.0
S029,S045,1.0
S029,S046,1.0
S029,S047,1.0
S029,S048,1.0
S029,S049,1.0
S030,S031,1.0
S030,S032,1.0
S030,S033,1.0
S030,S034,1.0
S030,S035,1.0
S030,S036,1.0
S030,S037,1.0
S030,S038,1.0
S030,S039,1.0
S030,S040,1.0
S030,S041,1.0
S030,S042,1.0
S030,S043,1.0
S030,S044,1.0
S030,S045,1.0
S030,S046,1.0
S030,S047,1.0
S030,S048,1.0
S030,S049,1.0
S031,S032,1.0
S031,S033,1.0
S031,S034,1.0
S031,S035,1.0
S031,S036,1.0
S031,S037,1.0
S031,S038,1.0
S031,S039,1.0
S031,S040,1.0
S031,S041,1.0
S031,S042,1.0
S031,S043,1.0
S031,S044,1.0
S031,S045,1.0
S031,S046,1.0
S031,S047,1.0
S031,S048,1.0
S031,S049,1.0
S032,S033,1.0
S032,S034,1.0
S032,S035,1.0
S032,S036,1.0
S032,S037,1.0
S032,S038,1.0
S032,S039,1.0
S032,S040,1.0
S032,S041,1.0
S032,S042,1.0
S032,S043,1.0
S032,S044,1.0
S032,S045,1.0
S032,S046,1.0
S032,S047,1.0
S032,S048,1.0
S032,S049,1.0
S033,S034,1.0
S033,S035,1.0
S033,S036,1.0
S033,S037,1.0
S033,S038,1.0
S033,S039,1.0
S033,S040,1.0
S033,S041,1.0
S033,S042,1.0
S033,S043,1.0
S033,S044,1.0
S033,S045,1.0
S033,S046,1.0
S033,S047,1.0
S033,S048,1.0
S033,S049,1.0
S034,S035,1.0
S034,S036,1.0
S034,S037,1.0
S034,S038,1.0
S034,S039,1.0
S034,S040,1.0
S034,S041,1.0
S034,S042,1.0
S034,S043,1.0
S034,S044,1.0
S034,S045,1.0
S034,S046,1.0
S034,S047,1.0
S034,S048,1.0
S034,S049,1.0
S035,S036,1.0
S035,S037,1.0
S035,S038,1.0
S035,S039,1.0
S035,S040,1.0
S035,S041,1.0
S035,S042,1.0
S035,S043,1.0
S035,S044,1.0
S035,S045,1.0
S035,S046,1.0
S035,S047,1.0
S035,S048,1.0
S035,S049,1.0
S036,S037,1.0
S036,S038,1.0
S036,S039,1.0
S036,S040,1.0
S036,S041,1.0
S036,S042,1.0
S036,S043,1.0
S036,S044,1.0
S036,S045,1.0
S036,S046,1.0
S036,S047,1.0
S036,S048,1.0
S036,S049,1.0
S037,S038,1.0
S037,S039,1.0
S037,S040,1.0
S037,S041,1.0
S037,S042,1.0
S037,S043,1.0
S037,S044,1.0
S037,S045,1.0
S037,S046,1.0
S037,S047,1.0
S037,S048,1.0
S037,S049,1.0
S038,S039,1.0
S038,S040,1.0
S038,S041,1.0
S038,S042,1.0
S038,S043,1.0
S038,S044,1.0
S038,S045,1.0
S038,S046,1.0
S038,S047,1.0
S038,S048,1.0
S038,S049,1.0
S039,S040,1.0
S039,S041,1.0
S039,S042,1.0
S039,S043,1.0
S039,S044,1.0
S039,S045,1.0
S039,S046,1.0
S039,S047,1.0
S039,S048,1.0
S039,S049,1.0
S040,S041,1.0
S040,S042,1.0
S040,S043,1.0
S040,S044,1.0
S040,S045,1.0
S040,S046,1.0
S040,S047,1.0
S040,S048,1.0
S040,S049,1.0
S041,S042,1.0
S041,S043,1.0
S041,S044,1.0
S041,S045,1.0
S041,S046,1.0
S041,S047,1.0
S041,S048,1.0
S041,S049,1.0
S042,S043,1.0
S042,S044,1.0
S042,S045,1.0
S042,S046,1.0
S042,S047,1.0
S042,S048,1.0
S042,S049,1.0
S043,S044,1.0
S043,S045,1.0
S043,S046,1.0
S043,S047,1.0
S043,S048,1.0
S043,S049,1.0
S044,S045,1.0
S044,S046,1.0
S044,S047,1.0
S044,S048,1.0
S044,S049,1.0
S045,S046,1.0
S045,S047,1.0
S045,S048,1.0
S045,S049,1.0
S046,S047,1.0
S046,S048,1.0
S046,S049,1.0
S047,S048,1.0
S047,S049,1.0
S048,S049,1.0
