origin_id,destination_id,origin_value,destination_value,distance_m,reward
S001,S002,634732.06,549635.75,10030.35,34781566.604240
S001,S003,634732.06,474926.85,8059.74,37402098.760556
S001,S004,634732.06,455777.26,5337.25,54203241.326782
S001,S005,634732.06,407749.16,3381.84,76529794.381936
S001,S006,634732.06,388392.48,7339.81,33587388.936941
S001,S007,634732.06,325443.30,7558.39,27329792.960315
S001,S008,634732.06,322506.00,4320.45,47380475.239344
S001,S009,634732.06,301965.00,5593.82,34264063.403725
S001,S010,634732.06,300000.00,1410.82,134971202.179797
S001,S011,634732.06,291757.76,8899.26,20809380.349467
S001,S012,634732.06,256253.00,4626.31,35158074.747262
S001,S013,634732.06,255969.52,12191.53,13326637.704929
S001,S014,634732.06,255460.18,4710.76,34420916.295895
S001,S015,634732.06,248397.61,13908.91,11335610.149204
S001,S016,634732.06,238774.51,5438.51,27867524.110963
S001,S017,634732.06,229598.00,1555.55,93685849.243747
S001,S018,634732.06,225003.45,8464.00,16873457.232933
S001,S019,634732.06,220000.00,11648.00,11988417.387519
S001,S020,634732.06,216504.00,3300.25,41639862.137005
S001,S021,634732.06,213704.16,10315.41,13149730.027071
S001,S022,634732.06,210696.11,10671.37,12532182.782569
S001,S023,634732.06,198527.22,7917.98,15914610.853860
S001,S024,634732.06,197250.99,2119.46,59072256.482417
S001,S025,634732.06,159783.00,2489.19,40743889.652570
S001,S026,634732.06,149164.40,10270.41,9218664.583733
S001,S027,634732.06,127590.00,3384.93,23925275.791919
S001,S028,634732.06,123739.00,11403.06,6887721.010183
S001,S029,634732.06,123552.00,11566.66,6780042.558558
S001,S030,634732.06,120000.00,3736.50,20384824.725368
S001,S031,634732.06,120000.00,1805.48,42187028.013819
S001,S032,634732.06,114442.00,7107.61,10220030.961813
S001,S033,634732.06,109914.00,4953.50,14084157.848228
S001,S034,634732.06,106912.00,4885.48,13890247.770244
S001,S035,634732.06,98981.00,6576.38,9553344.287519
S001,S036,634732.06,93904.00,8698.41,6852272.953312
S001,S037,634732.06,93226.00,9438.90,6269114.602907
S001,S038,634732.06,89049.00,12170.17,4644328.273390
S001,S039,634732.06,82028.00,1914.82,27191008.932656
S001,S040,634732.06,76596.00,8130.38,5979789.754343
S001,S041,634732.06,70363.00,12810.81,3486247.680903
S001,S042,634732.06,60000.00,5908.78,6445309.187470
S001,S043,634732.06,60000.00,7901.51,4819829.689600
S001,S044,634732.06,52204.00,10767.05,3077495.504628
S001,S045,634732.06,44256.00,9767.93,2875809.537607
S001,S046,634732.06,41735.00,10895.58,2431310.079523
S001,S047,634732.06,30000.00,4902.12,3884431.441402
S001,S048,634732.06,30000.00,1941.09,9809907.266407
S001,S049,634732.06,30000.00,14941.78,1274410.627481
S001,S050,634732.06,30000.00,12873.33,1479178.984625
S001,S051,634732.06,30000.00,10478.92,1817167.924658
S001,S052,634732.06,30000.00,10569.36,1801619.006084
S001,S053,634732.06,30000.00,12654.98,1504700.770228
S001,S054,634732.06,30000.00,11489.26,1657369.907433
S002,S003,549635.75,474926.85,2804.43,93080219.922244
S002,S004,549635.75,455777.26,12034.52,20816076.362877
S002,S005,549635.75,407749.16,8995.83,24913046.837087
S002,S006,549635.75,388392.48,11446.81,18649252.411740
S002,S007,549635.75,325443.30,7494.68,23866975.820758
S002,S008,549635.75,322506.00,7337.11,24159503.534692
S002,S009,549635.75,301965.00,10053.63,16508547.048952
S002,S010,549635.75,300000.00,11119.15,14829435.247507
S002,S011,549635.75,291757.76,12481.38,12847976.061370
S002,S012,549635.75,256253.00,9563.03,14728153.260039
S002,S013,549635.75,255969.52,14573.88,9653575.170952
S002,S014,549635.75,255460.18,5741.07,24457106.911706
S002,S015,549635.75,248397.61,11212.17,12176789.190399
S002,S016,549635.75,238774.51,5019.06,26148114.414527
S002,S017,549635.75,229598.00,10612.68,11890989.192250
S002,S018,549635.75,225003.45,3234.65,38232910.703130
S002,S019,549635.75,220000.00,13452.24,8988825.512854
S002,S020,549635.75,216504.00,11138.94,10683091.735943
S002,S021,549635.75,213704.16,5439.58,21593458.190135
S002,S022,549635.75,210696.11,14828.58,7809654.835982
S002,S023,549635.75,198527.22,13894.40,7853354.644116
S002,S024,549635.75,197250.99,9272.13,11692694.841658
S002,S025,549635.75,159783.00,10600.01,8285130.755192
S002,S026,549635.75,149164.40,10844.76,7559970.588959
S002,S027,549635.75,127590.00,7226.03,9704921.729352
S002,S028,549635.75,123739.00,10101.34,6732904.661355
S002,S029,549635.75,123552.00,6414.49,10586756.494718
S002,S030,549635.75,120000.00,10648.48,6193963.288576
S002,S031,549635.75,120000.00,8982.45,7342795.789833
S002,S032,549635.75,114442.00,3217.93,19547195.914786
S002,S033,549635.75,109914.00,12777.58,4728022.041836
S002,S034,549635.75,106912.00,6994.58,8401171.751511
S002,S035,549635.75,98981.00,12110.54,4492244.958901
S002,S036,549635.75,93904.00,9571.39,5392426.129165
S002,S037,549635.75,93226.00,7700.59,6654079.180363
S002,S038,549635.75,89049.00,12286.91,3983466.916498
S002,S039,549635.75,82028.00,8441.32,5341053.870824
S002,S040,549635.75,76596.00,12966.46,3246831.293804
S002,S041,549635.75,70363.00,9109.43,4245493.845866
S002,S042,549635.75,60000.00,4196.99,7857561.565548
S002,S043,549635.75,60000.00,2140.38,15407600.311305
S002,S044,549635.75,52204.00,13441.12,2134732.213168
S002,S045,549635.75,44256.00,2083.52,11674808.786204
S002,S046,549635.75,41735.00,16070.83,1427371.677810
S002,S047,549635.75,30000.00,5128.36,3215269.049629
S002,S048,549635.75,30000.00,8152.95,2022467.736763
S002,S049,549635.75,30000.00,12754.28,1292827.048927
S002,S050,549635.75,30000.00,8014.43,2057421.859957
S002,S051,549635.75,30000.00,12485.43,1320665.401990
S002,S052,549635.75,30000.00,7500.11,2198511.105075
S002,S053,549635.75,30000.00,11658.17,1414379.663163
S002,S054,549635.75,30000.00,1560.37,10567416.037223
S003,S004,474926.85,455777.26,11160.08,19395996.877236
S003,S005,474926.85,407749.16,7917.69,24458032.630029
S003,S006,474926.85,388392.48,11234.49,16418902.374294
S003,S007,474926.85,325443.30,7901.76,19560409.921060
S003,S008,474926.85,322506.00,4718.60,32460185.218710
S003,S009,474926.85,301965.00,9550.64,15015879.923022
S003,S010,474926.85,300000.00,9316.27,15293461.555181
S003,S011,474926.85,291757.76,12517.26,11069802.204171
S003,S012,474926.85,256253.00,8828.47,13785115.907251
S003,S013,474926.85,255969.52,15085.28,8058637.369809
S003,S014,474926.85,255460.18,3397.65,35708481.796351
S003,S015,474926.85,248397.61,12880.40,9158929.564003
S003,S016,474926.85,238774.51,4183.56,27106203.321829
S003,S017,474926.85,229598.00,8345.18,13066488.886455
S003,S018,474926.85,225003.45,4351.27,24558361.539144
S003,S019,474926.85,220000.00,14053.88,7434526.045485
S003,S020,474926.85,216504.00,8613.27,11937814.400503
S003,S021,474926.85,213704.16,7154.24,14186530.574971
S003,S022,474926.85,210696.11,14865.98,6731156.178117
S003,S023,474926.85,198527.22,13365.02,7054675.957191
S003,S024,474926.85,197250.99,6908.74,13559606.861259
S003,S025,474926.85,159783.00,9181.76,8264778.543282
S003,S026,474926.85,149164.40,11578.83,6118247.983871
S003,S027,474926.85,127590.00,5932.49,10214253.510262
S003,S028,474926.85,123739.00,11301.60,5199879.779874
S003,S029,474926.85,123552.00,8369.52,7010933.428819
S003,S030,474926.85,120000.00,9554.00,5965165.764552
S003,S031,474926.85,120000.00,7414.91,7686026.594224
S003,S032,474926.85,114442.00,3027.36,17953430.943768
S003,S033,474926.85,109914.00,11646.35,4482186.083919
S003,S034,474926.85,106912.00,6377.88,7961174.650493
S003,S035,474926.85,98981.00,11566.52,4064207.038462
S003,S036,474926.85,93904.00,10065.38,4430784.157534
S003,S037,474926.85,93226.00,8728.20,5072697.102687
S003,S038,474926.85,89049.00,13270.53,3186893.637422
S003,S039,474926.85,82028.00,6266.49,6216761.712367
S003,S040,474926.85,76596.00,12691.65,2866254.269087
S003,S041,474926.85,70363.00,10901.24,3065456.378915
S003,S042,474926.85,60000.00,3101.99,9186235.169089
S003,S043,474926.85,60000.00,1581.11,18022555.650652
S003,S044,474926.85,52204.00,13802.91,1796220.933231
S003,S045,474926.85,44256.00,4166.00,5045219.408779
S003,S046,474926.85,41735.00,15884.47,1247827.460348
S003,S047,474926.85,30000.00,3438.81,4143238.022550
S003,S048,474926.85,30000.00,6371.75,2236090.494872
S003,S049,474926.85,30000.00,14375.93,991087.502502
S003,S050,474926.85,30000.00,10038.91,1419258.587625
S003,S051,474926.85,30000.00,12961.83,1099212.076056
S003,S052,474926.85,30000.00,8932.46,1595060.318998
S003,S053,474926.85,30000.00,12901.05,1104391.252894
S003,S054,474926.85,30000.00,3802.24,3747209.369572
S004,S005,455777.26,407749.16,3260.00,57007076.263953
S004,S006,455777.26,388392.48,2772.04,63859324.542045
S004,S007,455777.26,325443.30,5856.84,25325903.872117
S004,S008,455777.26,322506.00,9065.33,16214614.718459
S004,S009,455777.26,301965.00,2323.02,59245674.343271
S004,S010,455777.26,300000.00,4343.58,31479348.054237
S004,S011,455777.26,291757.76,4056.12,32784181.755010
S004,S012,455777.26,256253.00,2481.02,47075092.406642
S004,S013,455777.26,255969.52,7262.53,16063969.132776
S004,S014,455777.26,255460.18,8551.76,13615086.039094
S004,S015,455777.26,248397.61,10862.54,10422418.186916
S004,S016,455777.26,238774.51,7118.23,15288639.246774
S004,S017,455777.26,229598.00,6766.31,15465683.610033
S004,S018,455777.26,225003.45,9254.90,11080771.358405
S004,S019,455777.26,220000.00,6999.87,14324691.919318
S004,S020,455777.26,216504.00,8520.92,11580633.067276
S004,S021,455777.26,213704.16,9628.92,10115520.201215
S004,S022,455777.26,210696.11,5413.24,17739916.938057
S004,S023,455777.26,198527.22,2594.40,34876729.259442
S004,S024,455777.26,197250.99,7379.73,12182366.069064
S004,S025,455777.26,159783.00,2851.08,25543095.826959
S004,S026,455777.26,149164.40,6553.98,10373201.225149
S004,S027,455777.26,127590.00,5267.01,11040912.208230
S004,S028,455777.26,123739.00,8306.62,6789455.789903
S004,S029,455777.26,123552.00,10477.98,5374336.723413
S004,S030,455777.26,120000.00,1758.58,31100777.900135
S004,S031,455777.26,120000.00,4348.86,12576469.904933
S004,S032,455777.26,114442.00,8836.55,5902763.237156
S004,S033,455777.26,109914.00,1319.84,37956282.065273
S004,S034,455777.26,106912.00,5040.34,9667609.883754
S004,S035,455777.26,98981.00,1447.00,31177209.875121
S004,S036,455777.26,93904.00,5518.99,7754918.457673
S004,S037,455777.26,93226.00,7450.85,5702741.629995
S004,S038,455777.26,89049.00,8154.36,4977279.873881
S004,S039,455777.26,82028.00,6713.14,5569155.287866
S004,S040,455777.26,76596.00,2938.75,11879446.321821
S004,S041,455777.26,70363.00,10544.21,3041465.374440
S004,S042,455777.26,60000.00,8136.95,3360797.967320
S004,S043,455777.26,60000.00,10266.04,2663797.140819
S004,S044,455777.26,52204.00,5925.79,4015227.466369
S004,S045,455777.26,44256.00,10838.34,1861067.789453
S004,S046,455777.26,41735.00,5563.57,3419003.338960
S004,S047,455777.26,30000.00,7776.94,1758186.492877
S004,S048,455777.26,30000.00,5525.01,2474805.056187
S004,S049,455777.26,30000.00,11460.32,1193100.906703
S004,S050,455777.26,30000.00,11197.92,1221058.793661
S004,S051,455777.26,30000.00,5975.20,2288346.213317
S004,S052,455777.26,30000.00,8767.05,1559626.605078
S004,S053,455777.26,30000.00,9058.26,1509485.395680
S004,S054,455777.26,30000.00,13591.98,1005983.997222
S005,S006,407749.16,388392.48,4258.26,37190497.073578
S005,S007,407749.16,325443.30,4373.63,30340759.173036
S005,S008,407749.16,322506.00,6083.36,21616583.587069
S005,S009,407749.16,301965.00,2373.65,51872062.506584
S005,S010,407749.16,300000.00,3317.94,36867729.129728
S005,S011,407749.16,291757.76,5824.05,20426337.871594
S005,S012,407749.16,256253.00,1363.55,76628821.404345
S005,S013,407749.16,255969.52,9051.84,11530403.889670
S005,S014,407749.16,255460.18,5340.07,19506061.888641
S005,S015,407749.16,248397.61,10592.16,9562155.472585
S005,S016,407749.16,238774.51,3986.62,24421700.750132
S005,S017,407749.16,229598.00,4923.11,19016105.907842
S005,S018,407749.16,225003.45,6528.04,14053992.306617
S005,S019,407749.16,220000.00,8398.89,10680559.970964
S005,S020,407749.16,216504.00,6614.17,13346996.719498
S005,S021,407749.16,213704.16,7648.38,11392957.420678
S005,S022,407749.16,210696.11,7876.20,10907685.965481
S005,S023,407749.16,198527.22,5655.70,14312860.068164
S005,S024,407749.16,197250.99,4934.28,16300045.766731
S005,S025,407749.16,159783.00,1903.89,34220162.743403
S005,S026,407749.16,149164.40,6891.25,8825919.686559
S005,S027,407749.16,127590.00,2007.03,25921275.022621
S005,S028,407749.16,123739.00,8055.99,6262972.468716
S005,S029,407749.16,123552.00,8766.91,5746407.729552
S005,S030,407749.16,120000.00,1661.89,29442275.682086
S005,S031,407749.16,120000.00,1665.56,29377361.573824
S005,S032,407749.16,114442.00,5778.73,8075071.946911
S005,S033,407749.16,109914.00,3791.65,11820022.738998
S005,S034,407749.16,106912.00,2217.45,19659235.884214
S005,S035,407749.16,98981.00,3950.21,10217037.002629
S005,S036,407749.16,93904.00,5319.06,7198504.269579
S005,S037,407749.16,93226.00,6263.35,6069087.271133
S005,S038,407749.16,89049.00,8798.09,4126992.563798
S005,S039,407749.16,82028.00,3984.65,8393925.132808
S005,S040,407749.16,76596.00,5375.55,5809998.825063
S005,S041,407749.16,70363.00,9644.09,2974926.074193
S005,S042,407749.16,60000.00,4946.33,4946082.324902
S005,S043,407749.16,60000.00,7109.64,3441095.318977
S005,S044,407749.16,52204.00,7616.14,2794870.720187
S005,S045,407749.16,44256.00,8063.03,2238035.922026
S005,S046,407749.16,41735.00,8469.89,2009165.882200
S005,S047,407749.16,30000.00,4518.23,2707361.695474
S005,S048,407749.16,30000.00,2582.86,4736023.448943
S005,S049,407749.16,30000.00,11578.11,1056517.484884
S005,S050,407749.16,30000.00,9886.15,1237333.947104
S005,S051,407749.16,30000.00,7210.23,1696543.673469
S005,S052,407749.16,30000.00,7484.10,1634461.877747
S005,S053,407749.16,30000.00,9276.40,1318666.285854
S005,S054,407749.16,30000.00,10554.62,1158968.231825
S006,S007,388392.48,325443.30,4222.92,29931865.605214
S006,S008,388392.48,322506.00,10293.94,12168212.108745
S006,S009,388392.48,301965.00,1903.28,61620534.142178
S006,S010,388392.48,300000.00,6681.16,17439757.041662
S006,S011,388392.48,291757.76,1572.47,72062540.023606
S006,S012,388392.48,256253.00,2899.53,34325082.910219
S006,S013,388392.48,255969.52,4852.42,20488069.191783
S006,S014,388392.48,255460.18,9315.11,10651386.396752
S006,S015,388392.48,248397.61,8183.12,11789609.509055
S006,S016,388392.48,238774.51,7056.51,13142230.780035
S006,S017,388392.48,229598.00,8880.40,10041682.174332
S006,S018,388392.48,225003.45,8332.29,10488065.328138
S006,S019,388392.48,220000.00,4369.74,19554091.906501
S006,S020,388392.48,216504.00,10638.96,7903829.810091
S006,S021,388392.48,213704.16,7916.19,10484979.345986
S006,S022,388392.48,210696.11,3711.82,22046513.764250
S006,S023,388392.48,198527.22,2704.90,28506255.575869
S006,S024,388392.48,197250.99,9141.54,8380516.668533
S006,S025,388392.48,159783.00,4986.63,12444972.556928
S006,S026,388392.48,149164.40,3824.24,15149259.729897
S006,S027,388392.48,127590.00,5931.47,8354589.985737
S006,S028,388392.48,123739.00,5678.50,8463380.897493
S006,S029,388392.48,123552.00,8506.19,5641379.101978
S006,S030,388392.48,120000.00,3681.48,12659871.599585
S006,S031,388392.48,120000.00,5858.98,7954819.718609
S006,S032,388392.48,114442.00,8462.39,5252464.206878
S006,S033,388392.48,109914.00,4069.18,10490997.684829
S006,S034,388392.48,106912.00,4882.30,8504977.382873
S006,S035,388392.48,98981.00,1471.08,26132854.385485
S006,S036,388392.48,93904.00,3072.27,11871220.114957
S006,S037,388392.48,93226.00,5346.48,6772356.697462
S006,S038,388392.48,89049.00,5382.81,6425264.961135
S006,S039,388392.48,82028.00,8238.41,3867138.775309
S006,S040,388392.48,76596.00,1522.58,19538755.804674
S006,S041,388392.48,70363.00,8095.88,3375599.319586
S006,S042,388392.48,60000.00,8139.15,2863141.368848
S006,S043,388392.48,60000.00,10034.57,2322326.868059
S006,S044,388392.48,52204.00,3427.79,5915080.546690
S006,S045,388392.48,44256.00,9876.58,1740348.493395
S006,S046,388392.48,41735.00,4663.91,3475527.143360
S006,S047,388392.48,30000.00,8174.22,1425429.484245
S006,S048,388392.48,30000.00,6839.73,1703541.906140
S006,S049,388392.48,30000.00,8705.17,1338488.446500
S006,S050,388392.48,30000.00,8938.44,1303558.201431
S006,S051,388392.48,30000.00,3265.05,3568633.682345
S006,S052,388392.48,30000.00,6611.38,1762381.426052
S006,S053,388392.48,30000.00,6307.18,1847382.318374
S006,S054,388392.48,30000.00,12947.24,899942.683798
S007,S008,325443.30,322506.00,8634.73,12155261.062750
S007,S009,325443.30,301965.00,3534.20,27806160.650456
S007,S010,325443.30,300000.00,7690.61,12695082.580050
S007,S011,325443.30,291757.76,5022.27,18905928.531443
S007,S012,325443.30,256253.00,3751.81,22228128.784158
S007,S013,325443.30,255969.52,7203.28,11564674.499768
S007,S014,325443.30,255460.18,7097.52,11713648.203901
S007,S015,325443.30,248397.61,6411.81,12607881.480963
S007,S016,325443.30,238774.51,4137.64,18780627.663466
S007,S017,325443.30,229598.00,9000.46,8301926.099619
S007,S018,325443.30,225003.45,4274.51,17130837.171648
S007,S019,325443.30,220000.00,6152.95,11636290.582396
S007,S020,325443.30,216504.00,10523.17,6695677.420642
S007,S021,325443.30,213704.16,3793.64,18332925.652266
S007,S022,325443.30,210696.11,7348.09,9331625.073980
S007,S023,325443.30,198527.22,6895.05,9370398.393693
S007,S024,325443.30,197250.99,8556.42,7502437.074678
S007,S025,325443.30,159783.00,6193.89,8395420.293373
S007,S026,325443.30,149164.40,3720.66,13047292.992209
S007,S027,325443.30,127590.00,4519.89,9186797.527835
S007,S028,325443.30,123739.00,4049.24,9945090.250355
S007,S029,325443.30,123552.00,4638.06,8669397.553204
S007,S030,325443.30,120000.00,5344.30,7307446.008456
S007,S031,325443.30,120000.00,5754.75,6786251.448064
S007,S032,325443.30,114442.00,4889.86,7616662.312437
S007,S033,325443.30,109914.00,7040.16,5080961.510768
S007,S034,325443.30,106912.00,2816.50,12353570.566712
S007,S035,325443.30,98981.00,5291.31,6087849.355050
S007,S036,325443.30,93904.00,2164.84,14116728.534737
S007,S037,325443.30,93226.00,1892.95,16027777.279680
S007,S038,325443.30,89049.00,5543.24,5228064.153246
S007,S039,325443.30,82028.00,7423.72,3595969.267364
S007,S040,325443.30,76596.00,5717.94,4359551.360111
S007,S041,325443.30,70363.00,5276.81,4339587.273121
S007,S042,325443.30,60000.00,5070.79,3850802.906513
S007,S043,325443.30,60000.00,6464.37,3020648.208144
S007,S044,325443.30,52204.00,5981.48,2840339.191814
S007,S045,325443.30,44256.00,5746.26,2506468.954738
S007,S046,325443.30,41735.00,8669.90,1566612.590571
S007,S047,325443.30,30000.00,5640.28,1730994.020145
S007,S048,325443.30,30000.00,6064.27,1609971.467012
S007,S049,325443.30,30000.00,7591.27,1286122.773349
S007,S050,325443.30,30000.00,5557.42,1756804.166457
S007,S051,325443.30,30000.00,5081.45,1921359.056156
S007,S052,325443.30,30000.00,3124.08,3125171.448543
S007,S053,325443.30,30000.00,5530.05,1765498.507720
S007,S054,325443.30,30000.00,8921.53,1094352.980219
S008,S009,322506.00,301965.00,8390.80,11606232.221992
S008,S010,322506.00,300000.00,5731.10,16881896.020090
S008,S011,322506.00,291757.76,11832.66,7952026.851388
S008,S012,322506.00,256253.00,7408.05,11155856.747789
S008,S013,322506.00,255969.52,14953.28,5520642.754729
S008,S014,322506.00,255460.18,1833.05,44945469.125660
S008,S015,322506.00,248397.61,14839.55,5398393.036940
S008,S016,322506.00,238774.51,4740.25,16245170.713359
S008,S017,322506.00,229598.00,3977.82,18614891.102955
S008,S018,322506.00,225003.45,7227.93,10039524.122686
S008,S019,322506.00,220000.00,14158.61,5011176.996951
S008,S020,322506.00,216504.00,3910.35,17856161.430874
S008,S021,322506.00,213704.16,9871.51,6981793.187419
S008,S022,322506.00,210696.11,13954.96,4869291.428867
S008,S023,322506.00,198527.22,11623.37,5508405.742907
S008,S024,322506.00,197250.99,2492.66,25520812.205626
S008,S025,322506.00,159783.00,6378.43,8078937.976961
S008,S026,322506.00,149164.40,12162.23,3955395.030799
S008,S027,322506.00,127590.00,4440.51,9266622.969959
S008,S028,322506.00,123739.00,12660.98,3151932.930348
S008,S029,322506.00,123552.00,11219.42,3551544.407712
S008,S030,322506.00,120000.00,7308.27,5295467.985103
S008,S031,322506.00,120000.00,4716.48,8205429.402577
S008,S032,322506.00,114442.00,5459.14,6760820.314336
S008,S033,322506.00,109914.00,9028.77,3926107.989973
S008,S034,322506.00,106912.00,5966.01,5779370.820276
S008,S035,322506.00,98981.00,10003.94,3190940.427821
S008,S036,322506.00,93904.00,10482.74,2888996.101866
S008,S037,322506.00,93226.00,10204.06,2946468.188197
S008,S038,322506.00,89049.00,14077.28,2040083.993939
S008,S039,322506.00,82028.00,2459.80,10754762.339084
S008,S040,322506.00,76596.00,11458.26,2155882.696675
S008,S041,322506.00,70363.00,13228.42,1715434.284398
S008,S042,322506.00,60000.00,4321.24,4477969.646879
S008,S043,322506.00,60000.00,5333.70,3627941.486162
S008,S044,322506.00,52204.00,13530.80,1244279.945376
S008,S045,322506.00,44256.00,7951.86,1794904.626306
S008,S046,322506.00,41735.00,14518.58,927073.493306
S008,S047,322506.00,30000.00,3250.81,2976235.464704
S008,S048,322506.00,30000.00,3553.06,2723055.476250
S008,S049,322506.00,30000.00,16151.44,599029.033396
S008,S050,322506.00,30000.00,12808.82,755352.724603
S008,S051,322506.00,30000.00,12964.42,746287.389993
S008,S052,322506.00,30000.00,10961.48,882652.660866
S008,S053,322506.00,30000.00,14164.78,683044.746138
S008,S054,322506.00,30000.00,8512.03,1136647.934946
S009,S010,301965.00,300000.00,5133.36,17647209.926699
S009,S011,301965.00,291757.76,3456.36,25489408.252462
S009,S012,301965.00,256253.00,1010.43,76580903.500250
S009,S013,301965.00,255969.52,6680.48,11570096.243518
S009,S014,301965.00,255460.18,7445.79,10360219.357900
S009,S015,301965.00,248397.61,8924.16,8404976.488127
S009,S016,301965.00,238774.51,5374.53,13415402.411096
S009,S017,301965.00,229598.00,7148.64,9698421.111729
S009,S018,301965.00,225003.45,7107.21,9559748.319738
S009,S019,301965.00,220000.00,6062.46,10957981.436855
S009,S020,301965.00,216504.00,8886.19,7357104.787947
S009,S021,301965.00,213704.16,7308.31,8829832.182540
S009,S022,301965.00,210696.11,5589.06,11383471.532988
S009,S023,301965.00,198527.22,3856.69,15543953.049429
S009,S024,301965.00,197250.99,7294.87,8165042.529002
S009,S025,301965.00,159783.00,3424.50,14089308.881172
S009,S026,301965.00,149164.40,4841.79,9302850.548133
S009,S027,301965.00,127590.00,4047.17,9519661.288852
S009,S028,301965.00,123739.00,6338.30,5895093.474152
S009,S029,301965.00,123552.00,8161.18,4571442.553309
S009,S030,301965.00,120000.00,2209.49,16400067.085325
S009,S031,301965.00,120000.00,4009.62,9037204.938314
S009,S032,301965.00,114442.00,6934.84,4983167.413581
S009,S033,301965.00,109914.00,3529.62,9403320.197493
S009,S034,301965.00,106912.00,3179.54,10153558.469543
S009,S035,301965.00,98981.00,2059.52,14512519.522453
S009,S036,301965.00,93904.00,3487.60,8130429.218477
S009,S037,301965.00,93226.00,5175.57,5439203.175738
S009,S038,301965.00,89049.00,6668.08,4032596.177643
S009,S039,301965.00,82028.00,6358.07,3895772.253657
S009,S040,301965.00,76596.00,3186.43,7258690.684467
S009,S041,301965.00,70363.00,8374.49,2537128.423806
S009,S042,301965.00,60000.00,6450.71,2808668.214006
S009,S043,301965.00,60000.00,8459.87,2141628.640123
S009,S044,301965.00,52204.00,5244.90,3005544.328634
S009,S045,301965.00,44256.00,8690.16,1537804.487914
S009,S046,301965.00,41735.00,6374.94,1976882.122695
S009,S047,301965.00,30000.00,6366.81,1422840.625737
S009,S048,301965.00,30000.00,4946.83,1831264.357848
S009,S049,301965.00,30000.00,9713.00,932662.860655
S009,S050,301965.00,30000.00,8935.45,1013821.645786
S009,S051,301965.00,30000.00,4886.61,1853829.758832
S009,S052,301965.00,30000.00,6490.91,1395636.405571
S009,S053,301965.00,30000.00,7333.48,1235287.127540
S009,S054,301965.00,30000.00,11593.29,781396.042023
S010,S011,300000.00,291757.76,8188.62,10688892.968225
S010,S012,300000.00,256253.00,4282.84,17949737.739353
S010,S013,300000.00,255969.52,11477.21,6690722.171828
S010,S014,300000.00,255460.18,6027.66,12714400.536427
S010,S015,300000.00,248397.61,13860.49,5376382.510173
S010,S016,300000.00,238774.51,6305.18,11360879.417769
S010,S017,300000.00,229598.00,2489.99,27662511.027697
S010,S018,300000.00,225003.45,9257.18,7291752.767144
S010,S019,300000.00,220000.00,11049.40,5973176.907306
S010,S020,300000.00,216504.00,4205.13,15445712.550886
S010,S021,300000.00,213704.16,10813.31,5928920.846679
S010,S022,300000.00,210696.11,9755.40,6479369.106027
S010,S023,300000.00,198527.22,6847.87,8697323.047675
S010,S024,300000.00,197250.99,3472.06,17043289.391312
S010,S025,300000.00,159783.00,1713.58,27973573.219250
S010,S026,300000.00,149164.40,9960.68,4492595.383087
S010,S027,300000.00,127590.00,4085.02,9370087.050077
S010,S028,300000.00,123739.00,11298.90,3285427.075046
S010,S029,300000.00,123552.00,11995.74,3089896.135350
S010,S030,300000.00,120000.00,3003.87,11984535.620071
S010,S031,300000.00,120000.00,2248.48,16010787.946760
S010,S032,300000.00,114442.00,8068.07,4255367.216189
S010,S033,300000.00,109914.00,3729.28,8841973.472522
S010,S034,300000.00,106912.00,5280.47,6074001.364689
S010,S035,300000.00,98981.00,5703.97,5205901.122372
S010,S036,300000.00,93904.00,8493.94,3316622.113548
S010,S037,300000.00,93226.00,9581.16,2919039.810217
S010,S038,300000.00,89049.00,11801.42,2263684.626561
S010,S039,300000.00,82028.00,3309.97,7434622.738538
S010,S040,300000.00,76596.00,7252.55,3168377.064790
S010,S041,300000.00,70363.00,12961.94,1628528.772339
S010,S042,300000.00,60000.00,6934.35,2595771.888674
S010,S043,300000.00,60000.00,9020.15,1995533.309525
S010,S044,300000.00,52204.00,10081.15,1553513.594474
S010,S045,300000.00,44256.00,10658.98,1245597.286827
S010,S046,300000.00,41735.00,9818.12,1275244.724206
S010,S047,300000.00,30000.00,6029.21,1492732.090889
S010,S048,300000.00,30000.00,2980.33,3019801.864585
S010,S049,300000.00,30000.00,14775.73,609107.026803
S010,S050,300000.00,30000.00,13180.11,682847.142713
S010,S051,300000.00,30000.00,9919.53,907300.977774
S010,S052,300000.00,30000.00,10794.18,833782.481262
S010,S053,300000.00,30000.00,12425.48,724317.947892
S010,S054,300000.00,30000.00,12616.51,713351.170639
S011,S012,291757.76,256253.00,4461.95,16755866.478244
S011,S013,291757.76,255969.52,3296.63,22653790.785432
S011,S014,291757.76,255460.18,10790.57,6907188.057414
S011,S015,291757.76,248397.61,7545.47,9604695.079059
S011,S016,291757.76,238774.51,8377.00,8316136.450011
S011,S017,291757.76,229598.00,10433.91,6420121.818161
S011,S018,291757.76,225003.45,9285.27,7069961.304501
S011,S019,291757.76,220000.00,2945.70,21789974.684643
S011,S020,291757.76,216504.00,12195.71,5179420.845914
S011,S021,291757.76,213704.16,8414.02,7410232.985676
S011,S022,291757.76,210696.11,2360.51,26041942.268563
S011,S023,291757.76,198527.22,2875.32,20144506.881076
S011,S024,291757.76,197250.99,10713.99,5371435.121686
S011,S025,291757.76,159783.00,6513.65,7156963.249419
S011,S026,291757.76,149164.40,3245.57,13409002.706637
S011,S027,291757.76,127590.00,7437.02,5005415.099519
S011,S028,291757.76,123739.00,5249.03,6877803.887706
S011,S029,291757.76,123552.00,8775.08,4107910.738601
S011,S030,291757.76,120000.00,5208.28,6722171.617176
S011,S031,291757.76,120000.00,7431.30,4711281.252860
S011,S032,291757.76,114442.00,9642.92,3462574.321112
S011,S033,291757.76,109914.00,5254.10,6103473.811671
S011,S034,291757.76,106912.00,6257.96,4984434.235320
S011,S035,291757.76,98981.00,2611.81,11056869.624387
S011,S036,291757.76,93904.00,3256.79,8412339.239856
S011,S037,291757.76,93226.00,5658.65,4806693.570673
S011,S038,291757.76,89049.00,4353.78,5967394.815581
S011,S039,291757.76,82028.00,9807.07,2440310.445342
S011,S040,291757.76,76596.00,1442.79,15489044.182933
S011,S041,291757.76,70363.00,7865.93,2609856.230225
S011,S042,291757.76,60000.00,9451.33,1852170.453276
S011,S043,291757.76,60000.00,11233.35,1558347.729395
S011,S044,291757.76,52204.00,1893.72,8042850.413673
S011,S045,291757.76,44256.00,10768.04,1199107.052829
S011,S046,291757.76,41735.00,3670.68,3317236.142887
S011,S047,291757.76,30000.00,9588.82,912806.115708
S011,S048,291757.76,30000.00,8402.46,1041687.317129
S011,S049,291757.76,30000.00,7812.63,1120330.547902
S011,S050,291757.76,30000.00,8913.37,981978.032329
S011,S051,291757.76,30000.00,2002.00,4371997.424899
S011,S052,291757.76,30000.00,6789.45,1289167.484602
S011,S053,291757.76,30000.00,5486.63,1595284.679889
S011,S054,291757.76,30000.00,13934.37,628139.696832
S012,S013,256253.00,255969.52,7690.46,8529128.372465
S012,S014,256253.00,255460.18,6535.81,10015957.353165
S012,S015,256253.00,248397.61,9611.81,6622337.470188
S012,S016,256253.00,238774.51,4703.40,13009041.407730
S012,S017,256253.00,229598.00,6181.56,9517859.549909
S012,S018,256253.00,225003.45,6784.38,8498609.667573
S012,S019,256253.00,220000.00,7057.32,7988255.583492
S012,S020,256253.00,216504.00,7906.48,7017002.883615
S012,S021,256253.00,213704.16,7381.31,7419056.616535
S012,S022,256253.00,210696.11,6549.73,8243318.300308
S012,S023,256253.00,198527.22,4545.71,11191469.312051
S012,S024,256253.00,197250.99,6287.07,8039703.195899
S012,S025,256253.00,159783.00,2613.52,15666566.664271
S012,S026,256253.00,149164.40,5693.25,6713885.556251
S012,S027,256253.00,127590.00,3130.68,10443512.199415
S012,S028,256253.00,123739.00,7036.40,4506353.539263
S012,S029,256253.00,123552.00,8361.07,3786666.646163
S012,S030,256253.00,120000.00,1595.20,19276791.192787
S012,S031,256253.00,120000.00,3003.74,10237348.429314
S012,S032,256253.00,114442.00,6377.43,4598418.347423
S012,S033,256253.00,109914.00,3429.83,8212011.260180
S012,S034,256253.00,106912.00,2570.76,10656961.561772
S012,S035,256253.00,98981.00,2763.26,9179070.393768
S012,S036,256253.00,93904.00,4213.79,5710580.205116
S012,S037,256253.00,93226.00,5558.68,4297678.720070
S012,S038,256253.00,89049.00,7565.61,3016159.290327
S012,S039,256253.00,82028.00,5348.19,3930286.696826
S012,S040,256253.00,76596.00,4085.55,4804242.136758
S012,S041,256253.00,70363.00,8876.10,2031378.926227
S012,S042,256253.00,60000.00,5753.72,2672216.984001
S012,S043,256253.00,60000.00,7841.65,1960707.381913
S012,S044,256253.00,52204.00,6254.81,2138743.243490
S012,S045,256253.00,44256.00,8365.50,1355655.164768
S012,S046,256253.00,41735.00,7236.35,1477915.837338
S012,S047,256253.00,30000.00,5543.01,1386898.422378
S012,S048,256253.00,30000.00,3940.92,1950707.124321
S012,S049,256253.00,30000.00,10493.86,732580.123589
S012,S050,256253.00,30000.00,9295.91,826986.141225
S012,S051,256253.00,30000.00,5874.72,1308588.927501
S012,S052,256253.00,30000.00,6848.78,1122476.403278
S012,S053,256253.00,30000.00,8143.82,943978.694015
S012,S054,256253.00,30000.00,11118.54,691420.610088
S013,S014,255969.52,255460.18,13769.51,4748899.567309
S013,S015,255969.52,248397.61,6625.56,9596498.631778
S013,S016,255969.52,238774.51,11106.74,5502872.245653
S013,S017,255969.52,229598.00,13729.11,4280692.198883
S013,S018,255969.52,225003.45,11345.76,5076260.920864
S013,S019,255969.52,220000.00,1178.73,47774357.423103
S013,S020,255969.52,216504.00,15489.71,3577756.906867
S013,S021,255969.52,213704.16,9725.59,5624514.701719
S013,S022,255969.52,210696.11,2520.13,21400364.694868
S013,S023,255969.52,198527.22,5412.22,9389291.946114
S013,S024,255969.52,197250.99,13973.21,3613361.155930
S013,S025,255969.52,159783.00,9809.07,4169567.713633
S013,S026,255969.52,149164.40,3786.68,10083113.215267
S013,S027,255969.52,127590.00,10516.14,3105622.346754
S013,S028,255969.52,123739.00,5272.15,6007685.340995
S013,S029,255969.52,123552.00,9628.74,3284494.569228
S013,S030,255969.52,120000.00,8504.26,3611876.874213
S013,S031,255969.52,120000.00,10686.95,2874190.923692
S013,S032,255969.52,114442.00,12089.00,2423166.605212
S013,S033,255969.52,109914.00,8359.62,3365541.115886
S013,S034,255969.52,106912.00,9146.34,2992039.381442
S013,S035,255969.52,98981.00,5823.23,4350872.857645
S013,S036,255969.52,93904.00,5044.87,4764551.984037
S013,S037,255969.52,93226.00,6991.39,3413198.892946
S013,S038,255969.52,89049.00,3166.92,7197475.995703
S013,S039,255969.52,82028.00,13032.26,1611130.038596
S013,S040,255969.52,76596.00,4361.46,4495334.556695
S013,S041,255969.52,70363.00,7819.30,2303374.560957
S013,S042,255969.52,60000.00,12137.66,1265332.144862
S013,S043,255969.52,60000.00,13667.47,1123702.275777
S013,S044,255969.52,52204.00,1435.70,9307406.644262
S013,S045,255969.52,44256.00,12651.10,895430.747105
S013,S046,255969.52,41735.00,4005.85,2666820.887405
S013,S047,255969.52,30000.00,12461.24,616237.858934
S013,S048,255969.52,30000.00,11608.08,661529.554061
S013,S049,255969.52,30000.00,6222.56,1234070.903788
S013,S050,255969.52,30000.00,9174.27,837023.886624
S013,S051,255969.52,30000.00,2123.81,3615709.500909
S013,S052,255969.52,30000.00,7701.36,997108.284535
S013,S053,255969.52,30000.00,4506.76,1703902.961975
S013,S054,255969.52,30000.00,15898.56,483005.120200
S014,S015,255460.18,248397.61,13149.14,4825845.481190
S014,S016,255460.18,238774.51,3034.81,20099213.420804
S014,S017,255460.18,229598.00,4957.02,11832341.841702
S014,S018,255460.18,225003.45,5394.88,10654445.138603
S014,S019,255460.18,220000.00,12893.50,4358882.106078
S014,S020,255460.18,216504.00,5406.32,10230282.093887
S014,S021,255460.18,213704.16,8055.85,6776803.209667
S014,S022,255460.18,210696.11,13025.34,4132290.184752
S014,S023,255460.18,198527.22,10995.51,4612410.259688
S014,S024,255460.18,197250.99,3551.20,14189495.023242
S014,S025,255460.18,159783.00,6172.35,6613073.975082
S014,S026,255460.18,149164.40,10736.64,3549115.631965
S014,S027,255460.18,127590.00,3405.91,9569894.921744
S014,S028,255460.18,123739.00,11061.88,2857597.315497
S014,S029,255460.18,123552.00,9402.52,3356824.696291
S014,S030,255460.18,120000.00,6822.41,4493315.417125
S014,S031,255460.18,120000.00,4376.56,7004417.687189
S014,S032,255460.18,114442.00,3627.59,8059175.284731
S014,S033,255460.18,109914.00,8781.72,3197398.635264
S014,S034,255460.18,106912.00,4628.35,5900972.983729
S014,S035,255460.18,98981.00,9268.76,2728056.844261
S014,S036,255460.18,93904.00,9071.10,2644524.055883
S014,S037,255460.18,93226.00,8547.75,2786174.099115
S014,S038,255460.18,89049.00,12619.54,1802638.782091
S014,S039,255460.18,82028.00,2873.30,7292980.890934
S014,S040,255460.18,76596.00,10615.49,1843271.295635
S014,S041,255460.18,70363.00,11473.23,1566685.785671
S014,S042,255460.18,60000.00,2497.22,6137880.966933
S014,S043,255460.18,60000.00,3646.87,4202949.275489
S014,S044,255460.18,52204.00,12374.76,1077680.613119
S014,S045,255460.18,44256.00,6160.44,1835200.999726
S014,S046,255460.18,41735.00,13770.61,774231.080760
S014,S047,255460.18,30000.00,1496.63,5120702.935076
S014,S048,255460.18,30000.00,3214.66,2384019.154351
S014,S049,255460.18,30000.00,14501.56,528481.273785
S014,S050,255460.18,30000.00,11004.68,696413.117620
S014,S051,255460.18,30000.00,11714.53,654213.699085
S014,S052,255460.18,30000.00,9226.65,830615.989211
S014,S053,255460.18,30000.00,12601.75,608154.296110
S014,S054,255460.18,30000.00,7049.41,1087156.151225
S015,S016,248397.61,238774.51,10119.38,5861131.866007
S015,S017,248397.61,229598.00,15386.50,3706598.759026
S015,S018,248397.61,225003.45,8529.23,6552799.535672
S015,S019,248397.61,220000.00,5638.98,9691023.545633
S015,S020,248397.61,216504.00,16933.71,3175859.429349
S015,S021,248397.61,213704.16,5800.76,9151144.667566
S015,S022,248397.61,210696.11,8671.75,6035278.191172
S015,S023,248397.61,198527.22,10416.50,4734191.649814
S015,S024,248397.61,197250.99,14964.53,3274187.991557
S015,S025,248397.61,159783.00,12223.98,3246873.151720
S015,S026,248397.61,149164.40,4376.44,8466264.263090
S015,S027,248397.61,127590.00,10925.60,2900807.182204
S015,S028,248397.61,123739.00,2585.88,11886256.269855
S015,S029,248397.61,123552.00,4851.11,6326396.045018
S015,S030,248397.61,120000.00,11115.45,2681646.915684
S015,S031,248397.61,120000.00,12105.70,2462286.461181
S015,S032,248397.61,114442.00,10056.56,2826724.989176
S015,S033,248397.61,109914.00,12182.39,2241135.283355
S015,S034,248397.61,106912.00,9223.86,2879130.578330
S015,S035,248397.61,98981.00,9654.05,2546770.464471
S015,S036,248397.61,93904.00,5436.57,4290486.363911
S015,S037,248397.61,93226.00,4650.22,4979793.262926
S015,S038,248397.61,89049.00,3519.84,6284253.936251
S015,S039,248397.61,82028.00,13827.66,1473535.969719
S015,S040,248397.61,76596.00,8966.16,2122008.386079
S015,S041,248397.61,70363.00,2140.99,8163502.126358
S015,S042,248397.61,60000.00,10782.05,1382283.907387
S015,S043,248397.61,60000.00,11299.56,1318976.240035
S015,S044,248397.61,52204.00,6620.92,1958542.229110
S015,S045,248397.61,44256.00,9137.57,1203063.796582
S015,S046,248397.61,41735.00,10340.41,1002559.705150
S015,S047,248397.61,30000.00,11652.70,639502.318018
S015,S048,248397.61,30000.00,12476.04,597298.998742
S015,S049,248397.61,30000.00,1547.15,4816551.627766
S015,S050,248397.61,30000.00,3507.29,2124697.018720
S015,S051,248397.61,30000.00,5756.51,1294521.009270
S015,S052,248397.61,30000.00,3984.71,1870129.817924
S015,S053,248397.61,30000.00,2170.10,3433917.447178
S015,S054,248397.61,30000.00,12083.61,616697.090680
S016,S017,238774.51,229598.00,6432.89,8522160.203449
S016,S018,238774.51,225003.45,3033.84,17708632.525624
S016,S019,238774.51,220000.00,10145.69,5177608.264397
S016,S020,238774.51,216504.00,7523.90,6870854.879196
S016,S021,238774.51,213704.16,5264.19,9693249.225370
S016,S022,238774.51,210696.11,10711.67,4696640.513945
S016,S023,238774.51,198527.22,9209.00,5147492.607749
S016,S024,238774.51,197250.99,5448.29,8644634.463786
S016,S025,238774.51,159783.00,5600.04,6812827.900334
S016,S026,238774.51,149164.40,7840.48,4542664.966862
S016,S027,238774.51,127590.00,2253.63,13518320.059947
S016,S028,238774.51,123739.00,8039.13,3675240.271142
S016,S029,238774.51,123552.00,6603.24,4467664.087717
S016,S030,238774.51,120000.00,5646.24,5074696.808036
S016,S031,238774.51,120000.00,4079.18,7024183.795764
S016,S032,238774.51,114442.00,1817.10,15038137.134872
S016,S033,238774.51,109914.00,7777.17,3374578.247392
S016,S034,238774.51,106912.00,2196.32,11622994.681986
S016,S035,238774.51,98981.00,7406.53,3190988.436012
S016,S036,238774.51,93904.00,6211.41,3609787.244131
S016,S037,238774.51,93226.00,5513.32,4037491.328119
S016,S038,238774.51,89049.00,9680.82,2196365.782036
S016,S039,238774.51,82028.00,4348.23,4504411.085703
S016,S040,238774.51,76596.00,8508.14,2149609.327894
S016,S041,238774.51,70363.00,8490.42,1978805.868991
S016,S042,238774.51,60000.00,1082.89,13229857.362969
S016,S043,238774.51,60000.00,3147.81,4551243.590028
S016,S044,238774.51,52204.00,9767.46,1276174.717434
S016,S045,238774.51,44256.00,4356.07,2425858.277876
S016,S046,238774.51,41735.00,11701.46,851625.203294
S016,S047,238774.51,30000.00,1540.04,4651344.331126
S016,S048,238774.51,30000.00,3500.36,2046425.944481
S016,S049,238774.51,30000.00,11466.78,624694.744587
S016,S050,238774.51,30000.00,8133.57,880700.506689
S016,S051,238774.51,30000.00,9000.94,795832.217162
S016,S052,238774.51,30000.00,6221.30,1151404.809772
S016,S053,238774.51,30000.00,9592.24,746773.960324
S016,S054,238774.51,30000.00,6574.57,1089536.034330
S017,S018,229598.00,225003.45,9454.27,5464235.664323
S017,S019,229598.00,220000.00,13199.82,3826685.293689
S017,S020,229598.00,216504.00,1766.30,28142873.267256
S017,S021,229598.00,213704.16,11532.93,4254430.583121
S017,S022,229598.00,210696.11,12149.87,3981556.656468
S017,S023,229598.00,198527.22,9312.27,4894773.068697
S017,S024,229598.00,197250.99,1490.40,30386683.909969
S017,S025,229598.00,159783.00,3958.97,9266520.200644
S017,S026,229598.00,149164.40,11814.35,2898833.712417
S017,S027,229598.00,127590.00,4633.21,6322704.406131
S017,S028,229598.00,123739.00,12903.56,2201735.035580
S017,S029,229598.00,123552.00,12821.08,2212551.164885
S017,S030,229598.00,120000.00,5243.74,5254221.496190
S017,S031,229598.00,120000.00,3300.30,8348264.249405
S017,S032,229598.00,114442.00,7937.20,3310444.473714
S017,S033,229598.00,109914.00,6219.27,4057715.689243
S017,S034,229598.00,106912.00,6253.36,3925376.764553
S017,S035,229598.00,98981.00,8062.10,2818849.931921
S017,S036,229598.00,93904.00,10229.23,2107702.118140
S017,S037,229598.00,93226.00,10862.50,1970495.581993
S017,S038,229598.00,89049.00,13718.94,1490310.033623
S017,S039,229598.00,82028.00,2182.96,8627472.306089
S017,S040,229598.00,76596.00,9618.82,1828321.705670
S017,S041,229598.00,70363.00,14213.40,1136617.891577
S017,S042,229598.00,60000.00,6690.05,2059159.982642
S017,S043,229598.00,60000.00,8475.36,1625404.047916
S017,S044,229598.00,52204.00,12308.16,973820.441526
S017,S045,229598.00,44256.00,10629.36,955945.584225
S017,S046,229598.00,41735.00,12288.68,779764.136143
S017,S047,229598.00,30000.00,5573.71,1235791.682659
S017,S048,229598.00,30000.00,3051.54,2257199.741338
S017,S049,229598.00,30000.00,16451.70,418676.593033
S017,S050,229598.00,30000.00,14195.41,485223.008004
S017,S051,229598.00,30000.00,12032.76,572432.347396
S017,S052,229598.00,30000.00,11948.08,576489.165377
S017,S053,229598.00,30000.00,14182.52,485664.141080
S017,S054,229598.00,30000.00,11985.54,574687.522462
S018,S019,225003.45,220000.00,10231.88,4837896.169550
S018,S020,225003.45,216504.00,10454.19,4659772.587373
S018,S021,225003.45,213704.16,2848.64,16879711.095711
S018,S022,225003.45,210696.11,11621.09,4079424.874556
S018,S023,225003.45,198527.22,10876.31,4107028.576964
S018,S024,225003.45,197250.99,8395.08,5286688.085984
S018,S025,225003.45,159783.00,8342.24,4309600.053213
S018,S026,225003.45,149164.40,7637.12,4394655.277993
S018,S027,225003.45,127590.00,5173.02,5549600.515960
S018,S028,225003.45,123739.00,7058.17,3944608.566802
S018,S029,225003.45,123552.00,4141.77,6712018.537777
S018,S030,225003.45,120000.00,8090.58,3337267.593409
S018,S031,225003.45,120000.00,7009.41,3852022.681490
S018,S032,225003.45,114442.00,1780.02,14466047.396359
S018,S033,225003.45,109914.00,10164.85,2432994.264155
S018,S034,225003.45,106912.00,4332.74,5552044.605853
S018,S035,225003.45,98981.00,9130.47,2439203.400622
S018,S036,225003.45,93904.00,6336.74,3334319.937576
S018,S037,225003.45,93226.00,4552.18,4607935.984808
S018,S038,225003.45,89049.00,9157.43,2187985.289247
S018,S039,225003.45,82028.00,7333.82,2516641.435118
S018,S040,225003.45,76596.00,9854.52,1748878.907750
S018,S041,225003.45,70363.00,6564.49,2411751.920936
S018,S042,225003.45,60000.00,2938.11,4594857.011114
S018,S043,225003.45,60000.00,2770.82,4872284.910637
S018,S044,225003.45,52204.00,10206.57,1150834.849042
S018,S045,225003.45,44256.00,1585.17,6281826.757260
S018,S046,225003.45,41735.00,12906.84,727561.628479
S018,S047,225003.45,30000.00,4090.92,1650021.373098
S018,S048,225003.45,30000.00,6530.43,1033638.178066
S018,S049,225003.45,30000.00,10028.41,673098.396268
S018,S050,225003.45,30000.00,5804.41,1162926.610506
S018,S051,225003.45,30000.00,9252.43,729549.644486
S018,S052,225003.45,30000.00,4594.41,1469197.849895
S018,S053,225003.45,30000.00,8648.44,780499.255379
S018,S054,225003.45,30000.00,4649.24,1451873.745891
S019,S020,220000.00,216504.00,14945.30,3187013.937709
S019,S021,220000.00,213704.16,8552.57,5497168.526098
S019,S022,220000.00,210696.11,3095.66,14973581.586026
S019,S023,220000.00,198527.22,5523.47,7907351.645363
S019,S024,220000.00,197250.99,13332.36,3254877.981938
S019,S025,220000.00,159783.00,9349.31,3759876.116944
S019,S026,220000.00,149164.40,2626.97,12492038.618323
S019,S027,220000.00,127590.00,9720.49,2887694.261046
S019,S028,220000.00,123739.00,4111.20,6621570.459083
S019,S029,220000.00,123552.00,8451.47,3216177.560381
S019,S030,220000.00,120000.00,8046.91,3280763.257819
S019,S031,220000.00,120000.00,10058.09,2624752.456550
S019,S032,220000.00,114442.00,11041.81,2280173.965434
S019,S033,220000.00,109914.00,8194.87,2950758.636618
S019,S034,220000.00,106912.00,8266.69,2845231.540087
S019,S035,220000.00,98981.00,5557.22,3918476.497205
S019,S036,220000.00,93904.00,3988.53,5179567.289423
S019,S037,220000.00,93226.00,5832.27,3516593.945871
S019,S038,220000.00,89049.00,2121.57,9234077.229394
S019,S039,220000.00,82028.00,12345.48,1461762.676198
S019,S040,220000.00,76596.00,4260.89,3954834.656580
S019,S041,220000.00,70363.00,6694.72,2312250.085987
S019,S042,220000.00,60000.00,11154.87,1183339.482039
S019,S043,220000.00,60000.00,12609.57,1046823.810058
S019,S044,220000.00,52204.00,1195.34,9608027.310606
S019,S045,220000.00,44256.00,11509.79,845916.037488
S019,S046,220000.00,41735.00,4736.87,1938346.281265
S019,S047,220000.00,30000.00,11543.68,571741.635336
S019,S048,220000.00,30000.00,10907.01,605115.215428
S019,S049,220000.00,30000.00,5430.69,1215315.511229
S019,S050,220000.00,30000.00,8027.51,822172.242398
S019,S051,220000.00,30000.00,1197.27,5512532.198468
S019,S052,220000.00,30000.00,6522.79,1011837.560972
S019,S053,220000.00,30000.00,3478.39,1897431.210487
S019,S054,220000.00,30000.00,14758.00,447214.977992
S020,S021,216504.00,213704.16,12758.97,3626296.630348
S020,S022,216504.00,210696.11,13912.73,3278762.351315
S020,S023,216504.00,198527.22,11051.22,3889338.610514
S020,S024,216504.00,197250.99,2076.74,20563754.598382
S020,S025,216504.00,159783.00,5724.60,6042979.187666
S020,S026,216504.00,149164.40,13491.06,2393783.980112
S020,S027,216504.00,127590.00,6037.56,4575317.722211
S020,S028,216504.00,123739.00,14493.86,1848368.126234
S020,S029,216504.00,123552.00,14079.98,1899825.101070
S020,S030,216504.00,120000.00,7009.81,3706300.956168
S020,S031,216504.00,120000.00,4958.80,5239272.220891
S020,S032,216504.00,114442.00,8805.07,2813964.807012
S020,S033,216504.00,109914.00,7917.73,3005509.827087
S020,S034,216504.00,106912.00,7723.20,2997058.005552
S020,S035,216504.00,98981.00,9827.12,2180677.748314
S020,S036,216504.00,93904.00,11880.04,1711323.584693
S020,S037,216504.00,93226.00,12348.49,1634516.242933
S020,S038,216504.00,89049.00,15407.25,1251324.289079
S020,S039,216504.00,82028.00,3206.42,5538702.858179
S020,S040,216504.00,76596.00,11383.83,1456745.746286
S020,S041,216504.00,70363.00,15654.51,973129.779905
S020,S042,216504.00,60000.00,7557.06,1718953.180386
S020,S043,216504.00,60000.00,9052.80,1434941.061413
S020,S044,216504.00,52204.00,14066.56,803492.421755
S020,S045,216504.00,44256.00,11464.30,835777.397953
S020,S046,216504.00,41735.00,14023.11,644350.046521
S020,S047,216504.00,30000.00,6395.38,1015595.021146
S020,S048,216504.00,30000.00,4461.92,1455676.666287
S020,S049,216504.00,30000.00,18051.53,359809.957810
S020,S050,216504.00,30000.00,15530.01,418230.180075
S020,S051,216504.00,30000.00,13772.80,471590.373919
S020,S052,216504.00,30000.00,13368.65,485846.975386
S020,S053,216504.00,30000.00,15819.30,410582.103537
S020,S054,216504.00,30000.00,12387.25,524339.236259
S021,S022,213704.16,210696.11,10572.65,4258786.022910
S021,S023,213704.16,198527.22,10618.63,3995439.642214
S021,S024,213704.16,197250.99,10683.22,3945754.051014
S021,S025,213704.16,159783.00,9551.86,3574830.460365
S021,S026,213704.16,149164.40,5949.04,5358354.127057
S021,S027,213704.16,127590.00,6936.42,3930917.724235
S021,S028,213704.16,123739.00,4786.73,5524346.631131
S021,S029,213704.16,123552.00,1348.24,19583715.536118
S021,S030,213704.16,120000.00,8925.35,2873220.113376
S021,S031,213704.16,120000.00,8631.16,2971154.025451
S021,S032,213704.16,114442.00,4561.03,5362104.008991
S021,S033,213704.16,109914.00,10769.84,2181006.298713
S021,S034,213704.16,106912.00,5533.13,4129223.671994
S021,S035,213704.16,98981.00,9073.25,2331319.872442
S021,S036,213704.16,93904.00,5163.57,3886396.258102
S021,S037,213704.16,93226.00,2802.05,7110079.154616
S021,S038,213704.16,89049.00,7065.28,2693473.679983
S021,S039,213704.16,82028.00,9557.62,1834108.991834
S021,S040,213704.16,76596.00,9350.94,1750506.801959
S021,S041,213704.16,70363.00,3754.98,4004508.198257
S021,S042,213704.16,60000.00,5559.50,2306366.006903
S021,S043,213704.16,60000.00,5586.28,2295309.550179
S021,S044,213704.16,52204.00,8830.24,1263409.167418
S021,S045,213704.16,44256.00,3356.25,2817934.399548
S021,S046,213704.16,41735.00,12067.89,739063.809993
S021,S047,213704.16,30000.00,6633.35,966499.118235
S021,S048,213704.16,30000.00,8487.22,755385.745329
S021,S049,213704.16,30000.00,7333.31,874247.598878
S021,S050,213704.16,30000.00,2972.00,2157177.404083
S021,S051,213704.16,30000.00,7789.81,823014.433721
S021,S052,213704.16,30000.00,2130.80,3008782.876318
S021,S053,213704.16,30000.00,6283.15,1020367.463189
S021,S054,213704.16,30000.00,6460.27,992393.277297
S022,S023,210696.11,198527.22,3134.70,13343830.204908
S022,S024,210696.11,197250.99,12620.22,3293128.642260
S022,S025,210696.11,159783.00,8194.24,4108452.901320
S022,S026,210696.11,149164.40,4882.73,6436640.288566
S022,S027,210696.11,127590.00,9634.65,2790211.018253
S022,S028,210696.11,123739.00,6793.45,3837716.998245
S022,S029,210696.11,123552.00,10782.20,2414342.788683
S022,S030,210696.11,120000.00,6939.70,3643320.296863
S022,S031,210696.11,120000.00,9389.56,2692728.187172
S022,S032,210696.11,114442.00,12002.95,2008879.038221
S022,S033,210696.11,109914.00,6307.99,3671286.692436
S022,S034,210696.11,106912.00,8566.12,2629654.855095
S022,S035,210696.11,98981.00,4095.13,5092619.054305
S022,S036,210696.11,93904.00,5434.09,3640942.758937
S022,S037,210696.11,93226.00,7775.03,2526339.763029
S022,S038,210696.11,89049.00,5164.79,3632725.105556
S022,S039,210696.11,82028.00,11802.86,1464304.268673
S022,S040,210696.11,76596.00,2545.66,6339605.908519
S022,S041,210696.11,70363.00,9466.85,1566013.384503
S022,S042,210696.11,60000.00,11789.94,1072250.581285
S022,S043,210696.11,60000.00,13592.91,930026.315330
S022,S044,210696.11,52204.00,2058.10,5344348.323924
S022,S045,210696.11,44256.00,13082.59,712746.500958
S022,S046,210696.11,41735.00,1673.22,5255361.496236
S022,S047,210696.11,30000.00,11878.60,532123.510219
S022,S048,210696.11,30000.00,10448.96,604929.131696
S022,S049,210696.11,30000.00,8525.64,741396.934649
S022,S050,210696.11,30000.00,10678.58,591921.583250
S022,S051,210696.11,30000.00,3037.26,2081114.071795
S022,S052,210696.11,30000.00,8782.42,719720.193589
S022,S053,210696.11,30000.00,6501.99,972145.519525
S022,S054,210696.11,30000.00,16269.41,388513.356807
S023,S024,198527.22,197250.99,9972.95,3926589.240792
S023,S025,198527.22,159783.00,5439.51,5831637.869724
S023,S026,198527.22,149164.40,6080.93,4869844.268480
S023,S027,198527.22,127590.00,7624.20,3322326.629291
S023,S028,198527.22,123739.00,8064.81,3046016.611241
S023,S029,198527.22,123552.00,11201.14,2189815.749323
S023,S030,198527.22,120000.00,4325.92,5507093.101694
S023,S031,198527.22,120000.00,6914.04,3445638.017254
S023,S032,198527.22,114442.00,10791.36,2105374.306711
S023,S033,198527.22,109914.00,3230.39,6754881.395730
S023,S034,198527.22,106912.00,7023.22,3022109.886288
S023,S035,198527.22,98981.00,1803.06,10898370.743380
S023,S036,198527.22,93904.00,5705.81,3267282.398803
S023,S037,198527.22,93226.00,8037.89,2302580.469139
S023,S038,198527.22,89049.00,7196.06,2456713.812000
S023,S039,198527.22,82028.00,9298.60,1751316.870109
S023,S040,198527.22,76596.00,1455.66,10446355.750554
S023,S041,198527.22,70363.00,10620.13,1315329.473917
S023,S042,198527.22,60000.00,10276.06,1159163.273370
S023,S043,198527.22,60000.00,12313.49,967364.394951
S023,S044,198527.22,52204.00,4331.91,2392458.056309
S023,S045,198527.22,44256.00,12445.60,705953.802360
S023,S046,198527.22,41735.00,2978.84,2781458.631142
S023,S047,198527.22,30000.00,10083.09,590673.834999
S023,S048,198527.22,30000.00,8071.77,737857.855299
S023,S049,198527.22,30000.00,10668.93,558239.607791
S023,S050,198527.22,30000.00,11559.90,515213.331855
S023,S051,198527.22,30000.00,4810.19,1238165.340621
S023,S052,198527.22,30000.00,9283.82,641526.775928
S023,S053,198527.22,30000.00,8360.25,712397.308688
S023,S054,198527.22,30000.00,15425.41,386104.341459
S024,S025,197250.99,159783.00,4536.66,6947252.247600
S024,S026,197250.99,149164.40,11690.84,2516742.715761
S024,S027,197250.99,127590.00,4039.04,6230999.070164
S024,S028,197250.99,123739.00,12569.75,1941775.856184
S024,S029,197250.99,123552.00,12006.09,2029865.407086
S024,S030,197250.99,120000.00,5699.57,4152962.852607
S024,S031,197250.99,120000.00,3286.26,7202754.735925
S024,S032,197250.99,114442.00,6775.35,3331755.167854
S024,S033,197250.99,109914.00,7069.02,3066992.450460
S024,S034,197250.99,106912.00,5740.99,3673323.816737
S024,S035,197250.99,98981.00,8538.08,2286709.290793
S024,S036,197250.99,93904.00,10044.98,1843971.980954
S024,S037,197250.99,93226.00,10348.81,1776910.824548
S024,S038,197250.99,89049.00,13621.00,1289553.174161
S024,S039,197250.99,82028.00,1147.01,14106388.102788
S024,S040,197250.99,76596.00,10075.14,1499596.291532
S024,S041,197250.99,70363.00,13624.32,1018705.748623
S024,S042,197250.99,60000.00,5522.32,2143132.319832
S024,S043,197250.99,60000.00,7149.61,1655342.369931
S024,S044,197250.99,52204.00,12538.21,821273.011081
S024,S045,197250.99,44256.00,9453.20,923447.956306
S024,S046,197250.99,41735.00,12942.03,636087.777903
S024,S047,197250.99,30000.00,4367.69,1354841.667568
S024,S048,197250.99,30000.00,2517.78,2350296.959389
S024,S049,197250.99,30000.00,16128.11,366907.808612
S024,S050,197250.99,30000.00,13466.38,439429.949015
S024,S051,197250.99,30000.00,12142.03,487359.022005
S024,S052,197250.99,30000.00,11333.70,522118.162254
S024,S053,197250.99,30000.00,13945.91,424320.136056
S024,S054,197250.99,30000.00,10600.61,558225.644585
S025,S026,159783.00,149164.40,8260.27,2885368.473297
S025,S027,159783.00,127590.00,3375.73,6039201.758981
S025,S028,159783.00,123739.00,9649.86,2048879.127662
S025,S029,159783.00,123552.00,10660.44,1851846.881536
S025,S030,159783.00,120000.00,1306.19,14679331.900240
S025,S031,159783.00,120000.00,1798.07,10663621.815026
S025,S032,159783.00,114442.00,7417.01,2465399.859568
S025,S033,159783.00,109914.00,2654.89,6615115.179918
S025,S034,159783.00,106912.00,4093.17,4173466.536640
S025,S035,159783.00,98981.00,4103.44,3854201.463337
S025,S036,159783.00,93904.00,6823.86,2198794.119190
S025,S037,159783.00,93226.00,8064.11,1847188.808783
S025,S038,159783.00,89049.00,10091.27,1409982.611742
S025,S039,159783.00,82028.00,3951.62,3316787.421091
S025,S040,159783.00,76596.00,5660.09,2162286.243938
S025,S041,159783.00,70363.00,11424.50,984096.568528
S025,S042,159783.00,60000.00,6431.30,1490674.351512
S025,S043,159783.00,60000.00,8601.15,1114615.814985
S025,S044,159783.00,52204.00,8401.56,992829.060420
S025,S045,159783.00,44256.00,9842.00,718487.613817
S025,S046,159783.00,41735.00,8413.77,792575.017881
S025,S047,159783.00,30000.00,5750.69,833550.300333
S025,S048,159783.00,30000.00,2968.46,1614808.628020
S025,S049,159783.00,30000.00,13098.82,365948.232308
S025,S050,159783.00,30000.00,11740.89,408273.007842
S025,S051,159783.00,30000.00,8212.19,583704.280186
S025,S052,159783.00,30000.00,9317.74,514447.653046
S025,S053,159783.00,30000.00,10736.64,446460.791486
S025,S054,159783.00,30000.00,12144.33,394710.139158
S026,S027,149164.40,127590.00,7807.67,2437588.741782
S026,S028,149164.40,123739.00,2005.97,9201247.929128
S026,S029,149164.40,123552.00,5960.66,3091865.914778
S026,S030,149164.40,120000.00,7044.13,2541082.923132
S026,S031,149164.40,120000.00,8533.14,2097671.072004
S026,S032,149164.40,114442.00,8552.29,1996034.112324
S026,S033,149164.40,109914.00,7869.14,2083487.485026
S026,S034,149164.40,106912.00,6196.81,2573497.770031
S026,S035,149164.40,98981.00,5291.44,2790252.270567
S026,S036,149164.40,93904.00,1679.84,8338379.808946
S026,S037,149164.40,93226.00,3205.93,4337590.274870
S026,S038,149164.40,89049.00,1933.03,6871580.843903
S026,S039,149164.40,82028.00,10619.76,1152159.249860
S026,S040,149164.40,76596.00,4625.29,2470203.157077
S026,S041,149164.40,70363.00,4654.11,2255136.105352
S026,S042,149164.40,60000.00,8791.21,1018047.049330
S026,S043,149164.40,60000.00,10094.01,886651.343143
S026,S044,149164.40,52204.00,2945.99,2643246.519097
S026,S045,149164.40,44256.00,8886.88,742827.752879
S026,S046,149164.40,41735.00,6514.74,955582.532037
S026,S047,149164.40,30000.00,9313.99,480452.930153
S026,S048,149164.40,30000.00,9183.50,487279.764559
S026,S049,149164.40,30000.00,4916.78,910134.005144
S026,S050,149164.40,30000.00,5802.40,771221.358647
S026,S051,149164.40,30000.00,1891.66,2365606.419848
S026,S052,149164.40,30000.00,3980.98,1124078.542333
S026,S053,149164.40,30000.00,2515.36,1779040.357979
S026,S054,149164.40,30000.00,12134.83,368767.622969
S027,S028,127590.00,123739.00,8548.56,1846845.064690
S027,S029,127590.00,123552.00,8203.08,1921717.552082
S027,S030,127590.00,120000.00,3622.25,4226873.626079
S027,S031,127590.00,120000.00,1840.03,8320941.622935
S027,S032,127590.00,114442.00,4061.00,3595582.807196
S027,S033,127590.00,109914.00,5718.81,2452245.833084
S027,S034,127590.00,106912.00,1703.39,8008075.942090
S027,S035,127590.00,98981.00,5875.00,2149615.404772
S027,S036,127590.00,93904.00,6133.10,1953533.876569
S027,S037,127590.00,93226.00,6314.83,1883613.533774
S027,S038,127590.00,89049.00,9738.12,1166730.293867
S027,S039,127590.00,82028.00,2903.83,3604190.553065
S027,S040,127590.00,76596.00,7209.92,1355478.031520
S027,S041,127590.00,70363.00,9620.32,933192.799066
S027,S042,127590.00,60000.00,3059.29,2502345.424195
S027,S043,127590.00,60000.00,5233.40,1462797.742096
S027,S044,127590.00,52204.00,9097.38,732156.616943
S027,S045,127590.00,44256.00,6585.53,857428.551235
S027,S046,127590.00,41735.00,10366.82,513655.108550
S027,S047,127590.00,30000.00,2514.21,1522424.228426
S027,S048,127590.00,30000.00,1590.49,2406621.019018
S027,S049,127590.00,30000.00,12103.02,316259.884596
S027,S050,127590.00,30000.00,9562.31,400290.130132
S027,S051,127590.00,30000.00,8525.37,448977.567862
S027,S052,127590.00,30000.00,7339.49,521521.138595
S027,S053,127590.00,30000.00,9961.62,384244.542839
S027,S054,127590.00,30000.00,8768.71,436517.980473
S028,S029,123739.00,123552.00,4422.26,3457104.259976
S028,S030,123739.00,120000.00,8530.66,1740625.332794
S028,S031,123739.00,120000.00,9607.78,1545484.587119
S028,S032,123739.00,114442.00,8322.92,1701439.135750
S028,S033,123739.00,109914.00,9625.55,1412973.733748
S028,S034,123739.00,106912.00,6849.64,1931368.299386
S028,S035,123739.00,98981.00,7145.94,1713954.626509
S028,S036,123739.00,93904.00,2850.69,4076056.020070
S028,S037,123739.00,93226.00,2588.21,4457008.496564
S028,S038,123739.00,89049.00,2308.33,4773519.186306
S028,S039,123739.00,82028.00,11447.64,886651.111608
S028,S040,123739.00,76596.00,6610.43,1433780.903767
S028,S041,123739.00,70363.00,2675.20,3254575.862280
S028,S042,123739.00,60000.00,8839.45,839909.851332
S028,S043,123739.00,60000.00,9741.84,762108.809922
S028,S044,123739.00,52204.00,4772.29,1353578.732500
S028,S045,123739.00,44256.00,8042.13,680937.909908
S028,S046,123739.00,41735.00,8451.31,611059.031757
S028,S047,123739.00,30000.00,9575.97,387654.536970
S028,S048,123739.00,30000.00,10059.28,369029.324949
S028,S049,123739.00,30000.00,3559.22,1042972.855721
S028,S050,123739.00,30000.00,3927.99,945054.707674
S028,S051,123739.00,30000.00,3756.20,988278.940949
S028,S052,123739.00,30000.00,2656.12,1397589.857193
S028,S053,123739.00,30000.00,1599.54,2320778.219654
S028,S054,123739.00,30000.00,11229.07,330585.786762
S029,S030,123552.00,120000.00,9938.75,1491761.274748
S029,S031,123552.00,120000.00,9849.88,1505221.079832
S029,S032,123552.00,114442.00,5885.77,2402326.252765
S029,S033,123552.00,109914.00,11677.46,1162932.234177
S029,S034,123552.00,106912.00,6726.72,1963689.813182
S029,S035,123552.00,98981.00,9774.77,1251109.075004
S029,S036,123552.00,93904.00,5545.38,2092196.272648
S029,S037,123552.00,93226.00,3163.88,3640550.659864
S029,S038,123552.00,89049.00,6724.79,1636064.065616
S029,S039,123552.00,82028.00,10875.26,931906.475952
S029,S040,123552.00,76596.00,9856.57,960130.122702
S029,S041,123552.00,70363.00,2716.63,3200106.233994
S029,S042,123552.00,60000.00,6905.66,1073484.490326
S029,S043,123552.00,60000.00,6823.20,1086458.442749
S029,S044,123552.00,52204.00,8905.78,724238.862207
S029,S045,123552.00,44256.00,4374.32,1250003.148625
S029,S046,123552.00,41735.00,12354.39,417377.444059
S029,S047,123552.00,30000.00,7981.52,464393.034562
S029,S048,123552.00,30000.00,9770.36,379367.755684
S029,S049,123552.00,30000.00,6397.86,579343.503313
S029,S050,123552.00,30000.00,1671.40,2217639.806825
S029,S051,123552.00,30000.00,7851.19,472101.816189
S029,S052,123552.00,30000.00,2000.33,1852971.371788
S029,S053,123552.00,30000.00,5739.61,645786.031570
S029,S054,123552.00,30000.00,7232.51,512486.158741
S030,S031,120000.00,120000.00,2592.36,5554773.891433
S030,S032,120000.00,114442.00,7430.55,1848185.225166
S030,S033,120000.00,109914.00,2130.97,6189522.422787
S030,S034,120000.00,106912.00,3759.54,3412505.285556
S030,S035,120000.00,98981.00,2845.80,4173765.083277
S030,S036,120000.00,93904.00,5682.80,1982909.453729
S030,S037,120000.00,93226.00,7152.08,1564177.416925
S030,S038,120000.00,89049.00,8841.52,1208601.887971
S030,S039,120000.00,82028.00,4974.50,1978764.791166
S030,S040,120000.00,76596.00,4395.94,2090911.047170
S030,S041,120000.00,70363.00,10456.30,807509.143230
S030,S042,120000.00,60000.00,6606.62,1089815.383457
S030,S043,120000.00,60000.00,8771.44,820845.849297
S030,S044,120000.00,52204.00,7095.48,882883.772175
S030,S045,120000.00,44256.00,9648.46,550421.237797
S030,S046,120000.00,41735.00,7265.94,689270.375169
S030,S047,120000.00,30000.00,6132.65,587021.477048
S030,S048,120000.00,30000.00,3766.46,955804.671155
S030,S049,120000.00,30000.00,11922.49,301950.433281
S030,S050,120000.00,30000.00,10891.10,330545.157102
S030,S051,120000.00,30000.00,6915.97,520534.634793
S030,S052,120000.00,30000.00,8443.89,426343.606040
S030,S053,120000.00,30000.00,9541.66,377292.891016
S030,S054,120000.00,30000.00,12208.20,294883.658787
S031,S032,120000.00,114442.00,5867.24,2340628.614711
S031,S033,120000.00,109914.00,4415.66,2987024.843804
S031,S034,120000.00,106912.00,3128.81,4100425.467352
S031,S035,120000.00,98981.00,5347.08,2221346.920292
S031,S036,120000.00,93904.00,6932.98,1625343.342573
S031,S037,120000.00,93226.00,7638.14,1464639.672772
S031,S038,120000.00,89049.00,10448.48,1022721.166883
S031,S039,120000.00,82028.00,2415.90,4074406.278296
S031,S040,120000.00,76596.00,6853.52,1341138.161531
S031,S041,120000.00,70363.00,11014.00,766620.504053
S031,S042,120000.00,60000.00,4785.84,1504438.471938
S031,S043,120000.00,60000.00,6926.96,1039417.318117
S031,S044,120000.00,52204.00,9252.00,677094.379458
S031,S045,120000.00,44256.00,8423.76,630445.358710
S031,S046,120000.00,41735.00,9834.49,509248.592332
S031,S047,120000.00,30000.00,4004.03,899095.103204
S031,S048,120000.00,30000.00,1194.69,3013336.128579
S031,S049,120000.00,30000.00,13152.78,273706.410245
S031,S050,120000.00,30000.00,11111.39,323991.834790
S031,S051,120000.00,30000.00,8871.76,405781.922401
S031,S052,120000.00,30000.00,8782.98,409883.459726
S031,S053,120000.00,30000.00,10883.66,330771.154502
S031,S054,120000.00,30000.00,10506.46,342646.301151
S032,S033,114442.00,109914.00,9559.77,1315803.503164
S032,S034,114442.00,106912.00,3807.71,3213272.487617
S032,S035,114442.00,98981.00,8993.11,1259584.926498
S032,S036,114442.00,93904.00,7054.60,1523341.170523
S032,S037,114442.00,93226.00,5737.45,1859530.759942
S032,S038,114442.00,89049.00,10249.18,994318.313897
S032,S039,114442.00,82028.00,5770.23,1626877.121742
S032,S040,114442.00,76596.00,9962.11,879913.527110
S032,S041,114442.00,70363.00,8186.70,983605.524774
S032,S042,114442.00,60000.00,1253.84,5476384.753561
S032,S043,114442.00,60000.00,1593.00,4310446.432080
S032,S044,114442.00,52204.00,10833.30,551478.126981
S032,S045,114442.00,44256.00,2692.19,1881273.410442
S032,S046,114442.00,41735.00,13124.68,363912.560201
S032,S047,114442.00,30000.00,2410.30,1424411.222599
S032,S048,114442.00,30000.00,5173.31,663648.139175
S032,S049,114442.00,30000.00,11512.64,298216.460544
S032,S050,114442.00,30000.00,7532.84,455772.234538
S032,S051,114442.00,30000.00,9965.47,344515.564314
S032,S052,114442.00,30000.00,6072.81,565349.035804
S032,S053,114442.00,30000.00,9921.13,346055.234989
S032,S054,114442.00,30000.00,4777.80,718585.274570
S033,S034,109914.00,106912.00,5852.17,2007996.010661
S033,S035,109914.00,98981.00,2664.62,4082907.064711
S033,S036,109914.00,93904.00,6830.10,1511159.459213
S033,S037,109914.00,93226.00,8701.77,1177558.935960
S033,S038,109914.00,89049.00,9441.37,1036685.019629
S033,S039,109914.00,82028.00,6588.73,1368401.937423
S033,S040,109914.00,76596.00,3998.69,2105434.364775
S033,S041,109914.00,70363.00,11841.38,653123.171502
S033,S042,109914.00,60000.00,8731.22,755317.365810
S033,S043,109914.00,60000.00,10899.27,605071.934445
S033,S044,109914.00,52204.00,7079.78,810469.780698
S033,S045,109914.00,44256.00,11734.77,414524.910164
S033,S046,109914.00,41735.00,6146.83,746281.320943
S033,S047,109914.00,30000.00,8211.93,401540.364017
S033,S048,109914.00,30000.00,5605.37,588260.639340
S033,S049,109914.00,30000.00,12770.28,258210.458114
S033,S050,109914.00,30000.00,12458.95,264662.787363
S033,S051,109914.00,30000.00,7217.06,456892.694559
S033,S052,109914.00,30000.00,10017.98,329150.222286
S033,S053,109914.00,30000.00,10369.41,317994.972269
S033,S054,109914.00,30000.00,14337.57,229984.503604
S034,S035,106912.00,98981.00,5220.18,2027183.733096
S034,S036,106912.00,93904.00,4517.07,2222561.498673
S034,S037,106912.00,93226.00,4626.36,2154388.828824
S034,S038,106912.00,89049.00,8115.96,1173047.514906
S034,S039,106912.00,82028.00,4607.22,1903485.215715
S034,S040,106912.00,76596.00,6316.91,1296367.233189
S034,S041,106912.00,70363.00,7960.65,944978.908442
S034,S042,106912.00,60000.00,3275.92,1958143.747315
S034,S043,106912.00,60000.00,5294.28,1211632.884963
S034,S044,106912.00,52204.00,7761.84,719060.557630
S034,S045,106912.00,44256.00,5889.31,803404.572920
S034,S046,106912.00,41735.00,9512.08,469084.765960
S034,S047,106912.00,30000.00,3337.08,961126.578374
S034,S048,106912.00,30000.00,3261.46,983413.655438
S034,S049,106912.00,30000.00,10401.80,308346.589988
S034,S050,106912.00,30000.00,7989.21,401461.406083
S034,S051,106912.00,30000.00,7086.23,452618.551649
S034,S052,106912.00,30000.00,5696.62,563028.383851
S034,S053,106912.00,30000.00,8280.11,387357.035440
S034,S054,106912.00,30000.00,8551.66,375057.014872
S035,S036,98981.00,93904.00,4480.41,2074522.084145
S035,S037,98981.00,93226.00,6645.79,1388489.214451
S035,S038,98981.00,89049.00,6788.15,1298462.965908
S035,S039,98981.00,82028.00,7761.62,1046071.534209
S035,S040,98981.00,76596.00,1556.72,4870198.359693
S035,S041,98981.00,70363.00,9528.75,730903.709481
S035,S042,98981.00,60000.00,8474.92,700756.910822
S035,S043,98981.00,60000.00,10511.14,565006.283694
S035,S044,98981.00,52204.00,4478.94,1153665.935203
S035,S045,98981.00,44256.00,10708.00,409086.923713
S035,S046,98981.00,41735.00,4520.80,913770.733727
S035,S047,98981.00,30000.00,8306.19,357496.170431
S035,S048,98981.00,30000.00,6457.66,459830.683785
S035,S049,98981.00,30000.00,10154.01,292439.240459
S035,S050,98981.00,30000.00,10315.31,287866.375202
S035,S051,98981.00,30000.00,4554.00,652048.883766
S035,S052,98981.00,30000.00,7940.94,373939.315380
S035,S053,98981.00,30000.00,7761.56,382581.566035
S035,S054,98981.00,30000.00,13647.39,217582.243024
S036,S037,93904.00,93226.00,2404.25,3641171.103649
S036,S038,93904.00,89049.00,3605.53,2319233.724715
S036,S039,93904.00,82028.00,8962.22,859469.758609
S036,S040,93904.00,76596.00,4322.69,1663933.368762
S036,S041,93904.00,70363.00,5052.49,1307743.922584
S036,S042,93904.00,60000.00,7192.52,783347.056681
S036,S043,93904.00,60000.00,8626.82,653107.103291
S036,S044,93904.00,52204.00,3870.73,1266469.102448
S036,S045,93904.00,44256.00,7718.12,538449.101630
S036,S046,93904.00,41735.00,6904.40,567621.484510
S036,S047,93904.00,30000.00,7662.41,367654.357320
S036,S048,93904.00,30000.00,7531.34,374052.768694
S036,S049,93904.00,30000.00,6282.27,448423.571357
S036,S050,93904.00,30000.00,5868.47,480043.104579
S036,S051,93904.00,30000.00,2928.56,961945.951199
S036,S052,93904.00,30000.00,3588.17,785112.751679
S036,S053,93904.00,30000.00,3957.37,711866.989315
S036,S054,93904.00,30000.00,10946.69,257349.035768
S037,S038,93226.00,89049.00,4605.37,1802607.550500
S037,S039,93226.00,82028.00,9206.19,830652.179935
S037,S040,93226.00,76596.00,6695.74,1066460.536966
S037,S041,93226.00,70363.00,3383.87,1938508.240234
S037,S042,93226.00,60000.00,6267.73,892438.253271
S037,S043,93226.00,60000.00,7178.38,779223.026097
S037,S044,93226.00,52204.00,6036.92,806168.381667
S037,S045,93226.00,44256.00,5702.42,723518.896970
S037,S046,93226.00,41735.00,9289.79,418823.805885
S037,S047,93226.00,30000.00,7053.23,396524.766317
S037,S048,93226.00,30000.00,7887.46,354585.515744
S037,S049,93226.00,30000.00,5954.65,469679.927035
S037,S050,93226.00,30000.00,3760.82,743662.192737
S037,S051,93226.00,30000.00,5003.90,558920.137570
S037,S052,93226.00,30000.00,1316.59,2124261.783645
S037,S053,93226.00,30000.00,4184.37,668386.693707
S037,S054,93226.00,30000.00,8946.02,312628.400018
S038,S039,89049.00,82028.00,12552.40,581921.701871
S038,S040,89049.00,76596.00,5794.04,1177209.683738
S038,S041,89049.00,70363.00,4681.48,1338412.845229
S038,S042,89049.00,60000.00,10592.67,504399.864479
S038,S043,89049.00,60000.00,11745.55,454890.635294
S038,S044,89049.00,52204.00,3130.56,1484948.071173
S038,S045,89049.00,44256.00,10254.78,384304.129027
S038,S046,89049.00,41735.00,6828.04,544293.452531
S038,S047,89049.00,30000.00,11178.00,238993.512897
S038,S048,89049.00,30000.00,11115.45,240338.440862
S038,S049,89049.00,30000.00,3477.00,768325.680993
S038,S050,89049.00,30000.00,6074.66,439772.660247
S038,S051,89049.00,30000.00,2388.93,1118271.859835
S038,S052,89049.00,30000.00,4942.76,540481.543925
S038,S053,89049.00,30000.00,1356.99,1968679.831929
S038,S054,89049.00,30000.00,13472.26,198294.114726
S039,S040,82028.00,76596.00,9268.89,677860.839615
S039,S041,82028.00,70363.00,12477.39,462575.716275
S039,S042,82028.00,60000.00,4518.88,1089136.024234
S039,S043,82028.00,60000.00,6301.76,781000.661127
S039,S044,82028.00,52204.00,11596.85,369254.402010
S039,S045,82028.00,44256.00,8461.38,429035.417452
S039,S046,82028.00,41735.00,12237.34,279753.448804
S039,S047,82028.00,30000.00,3392.59,725357.446762
S039,S048,82028.00,30000.00,1443.61,1704642.755278
S039,S049,82028.00,30000.00,15004.14,164010.705642
S039,S050,82028.00,30000.00,12325.14,199660.216966
S039,S051,82028.00,30000.00,11150.38,220695.673681
S039,S052,82028.00,30000.00,10186.69,241573.947330
S039,S053,82028.00,30000.00,12841.04,191638.635363
S039,S054,82028.00,30000.00,9835.64,250196.123802
S040,S041,76596.00,70363.00,9177.33,587265.235913
S040,S042,76596.00,60000.00,9590.38,479205.085957
S040,S043,76596.00,60000.00,11526.32,398718.840334
S040,S044,76596.00,52204.00,3105.32,1287664.953740
S040,S045,76596.00,44256.00,11396.56,297443.522970
S040,S046,76596.00,41735.00,3195.97,1000238.953356
S040,S047,76596.00,30000.00,9552.39,240555.591419
S040,S048,76596.00,30000.00,7931.67,289709.601805
S040,S049,76596.00,30000.00,9255.39,248274.740950
S040,S050,76596.00,30000.00,10145.74,226487.251489
S040,S051,76596.00,30000.00,3426.20,670678.986405
S040,S052,76596.00,30000.00,7910.84,290472.217842
S040,S053,76596.00,30000.00,6925.34,331807.693533
S040,S054,76596.00,30000.00,14469.17,158812.125336
S041,S042,70363.00,60000.00,9029.71,467543.097918
S041,S043,70363.00,60000.00,9327.00,452640.479964
S041,S044,70363.00,52204.00,7436.84,493923.620761
S041,S045,70363.00,44256.00,7046.43,441923.679414
S041,S046,70363.00,41735.00,11126.32,263932.608276
S041,S047,70363.00,30000.00,9989.75,211305.615637
S041,S048,70363.00,30000.00,11206.99,188354.782373
S041,S049,70363.00,30000.00,3684.95,572840.143579
S041,S050,70363.00,30000.00,1455.36,1450429.019151
S041,S051,70363.00,30000.00,6429.83,328296.400423
S041,S052,70363.00,30000.00,2293.43,920405.846012
S041,S053,70363.00,30000.00,3448.52,612114.389604
S041,S054,70363.00,30000.00,9947.17,212210.120847
S042,S043,60000.00,60000.00,2175.60,1654719.431208
S042,S044,60000.00,52204.00,10813.39,289663.058168
S042,S045,60000.00,44256.00,3942.61,673503.738177
S042,S046,60000.00,41735.00,12784.07,195876.603419
S042,S047,60000.00,30000.00,1162.86,1547901.333120
S042,S048,60000.00,30000.00,3991.29,450981.577212
S042,S049,60000.00,30000.00,12182.74,147750.017239
S042,S050,60000.00,30000.00,8513.52,211428.295024
S042,S051,60000.00,30000.00,10023.96,179569.793486
S042,S052,60000.00,30000.00,6818.08,264003.920552
S042,S053,60000.00,30000.00,10417.64,172783.915464
S042,S054,60000.00,30000.00,5723.55,314490.221732
S043,S044,60000.00,52204.00,12421.53,252162.212577
S043,S045,60000.00,44256.00,2773.98,957239.443360
S043,S046,60000.00,41735.00,14698.44,170364.969242
S043,S047,60000.00,30000.00,3001.88,599625.178067
S043,S048,60000.00,30000.00,6043.65,297833.070257
S043,S049,60000.00,30000.00,12794.95,140680.547539
S043,S050,60000.00,30000.00,8494.53,211901.145033
S043,S051,60000.00,30000.00,11544.91,155912.882887
S043,S052,60000.00,30000.00,7352.39,244818.198258
S043,S053,60000.00,30000.00,11340.48,158723.413519
S043,S054,60000.00,30000.00,3596.72,500455.938230
S044,S045,52204.00,44256.00,11579.80,199514.708364
S044,S046,52204.00,41735.00,3731.30,583908.084573
S044,S047,52204.00,30000.00,11089.55,141224.886653
S044,S048,52204.00,30000.00,10173.57,153939.991380
S044,S049,52204.00,30000.00,6553.20,238985.394797
S044,S050,52204.00,30000.00,8685.42,180315.917810
S044,S051,52204.00,30000.00,1054.59,1485051.177483
S044,S052,52204.00,30000.00,6920.32,226307.557867
S044,S053,52204.00,30000.00,4453.17,351686.477549
S044,S054,52204.00,30000.00,14814.53,105715.162914
S045,S046,44256.00,41735.00,14412.94,128150.427383
S045,S047,44256.00,30000.00,5086.30,261030.766672
S045,S048,44256.00,30000.00,7827.41,169619.327144
S045,S049,44256.00,30000.00,10677.41,124344.763030
S045,S050,44256.00,30000.00,6008.25,220976.207409
S045,S051,44256.00,30000.00,10593.20,125333.285997
S045,S052,44256.00,30000.00,5424.60,244751.555133
S045,S053,44256.00,30000.00,9587.94,138473.906007
S045,S054,44256.00,30000.00,3248.21,408742.380886
S046,S047,41735.00,30000.00,12741.10,98268.568727
S046,S048,41735.00,30000.00,10967.64,114158.541213
S046,S049,41735.00,30000.00,10151.72,123333.832727
S046,S050,41735.00,30000.00,12317.11,101651.313137
S046,S051,41735.00,30000.00,4698.43,266482.584141
S046,S052,41735.00,30000.00,10355.02,120912.385920
S046,S053,41735.00,30000.00,8170.32,153243.734547
S046,S054,41735.00,30000.00,17549.08,71345.633394
S047,S048,30000.00,30000.00,3049.02,295176.658441
S047,S049,30000.00,30000.00,13006.22,69197.685760
S047,S050,30000.00,30000.00,9560.24,94139.855324
S047,S051,30000.00,30000.00,10378.49,86717.822650
S047,S052,30000.00,30000.00,7735.58,116345.541363
S047,S053,30000.00,30000.00,11123.69,80908.410083
S047,S054,30000.00,30000.00,6596.29,136440.342898
S048,S049,30000.00,30000.00,13618.42,66086.956027
S048,S050,30000.00,30000.00,11148.77,80726.410586
S048,S051,30000.00,30000.00,9711.21,92676.399993
S048,S052,30000.00,30000.00,8928.58,100799.896161
S048,S053,30000.00,30000.00,11428.19,78752.597177
S048,S054,30000.00,30000.00,9640.36,93357.527454
S049,S050,30000.00,30000.00,5016.12,179421.388804
S049,S051,30000.00,30000.00,5865.70,153434.353582
S049,S052,30000.00,30000.00,5448.79,165174.386283
S049,S053,30000.00,30000.00,2402.93,374543.211494
S049,S054,30000.00,30000.00,13630.33,66029.216200
S050,S051,30000.00,30000.00,7651.65,117621.679024
S050,S052,30000.00,30000.00,2450.43,367282.405236
S050,S053,30000.00,30000.00,4884.60,184252.641203
S050,S054,30000.00,30000.00,8719.53,103216.519998
S051,S052,30000.00,30000.00,5866.41,153415.913349
S051,S053,30000.00,30000.00,3618.46,248724.794200
S051,S054,30000.00,30000.00,13835.40,65050.505930
S052,S053,30000.00,30000.00,4166.23,216022.848789
S052,S054,30000.00,30000.00,8582.40,104865.728840
S053,S054,30000.00,30000.00,12743.22,70625.778714
